timestamp,date,symbol,open,high,low,close,volume
1780431300000,2026-06-03 04:15:00,CRYPTO_ETH,1914.5,1914.85,1895.53,1896.48,4440.8665
1780432200000,2026-06-03 04:30:00,CRYPTO_ETH,1896.48,1905.32,1896.18,1901.0,4030.8596
1780433100000,2026-06-03 04:45:00,CRYPTO_ETH,1900.99,1911.25,1900.0,1906.74,4677.5024
1780434000000,2026-06-03 05:00:00,CRYPTO_ETH,1906.75,1911.45,1900.1,1901.9,4054.2475
1780434900000,2026-06-03 05:15:00,CRYPTO_ETH,1901.9,1910.76,1901.47,1909.68,3013.1726
1780435800000,2026-06-03 05:30:00,CRYPTO_ETH,1909.67,1910.46,1903.92,1904.88,2803.6272
1780436700000,2026-06-03 05:45:00,CRYPTO_ETH,1904.89,1905.46,1897.23,1900.34,2073.1058
1780437600000,2026-06-03 06:00:00,CRYPTO_ETH,1900.35,1900.35,1888.74,1888.99,5191.8921
1780438500000,2026-06-03 06:15:00,CRYPTO_ETH,1889.0,1909.59,1873.92,1901.03,20891.122
1780439400000,2026-06-03 06:30:00,CRYPTO_ETH,1901.02,1901.91,1888.49,1892.43,6823.3393
1780440300000,2026-06-03 06:45:00,CRYPTO_ETH,1892.42,1892.42,1862.23,1868.77,20306.7017
1780441200000,2026-06-03 07:00:00,CRYPTO_ETH,1868.78,1872.74,1855.61,1872.16,16839.3413
1780442100000,2026-06-03 07:15:00,CRYPTO_ETH,1872.17,1873.37,1839.02,1848.35,29152.7647
1780443000000,2026-06-03 07:30:00,CRYPTO_ETH,1848.35,1856.03,1839.79,1855.57,14577.8845
1780443900000,2026-06-03 07:45:00,CRYPTO_ETH,1855.56,1862.49,1853.17,1859.84,9577.1276
1780444800000,2026-06-03 08:00:00,CRYPTO_ETH,1859.84,1868.9,1854.62,1867.95,9200.4045
1780445700000,2026-06-03 08:15:00,CRYPTO_ETH,1867.95,1874.11,1863.38,1863.89,7937.3353
1780446600000,2026-06-03 08:30:00,CRYPTO_ETH,1863.9,1872.82,1860.51,1870.19,3653.7727
1780447500000,2026-06-03 08:45:00,CRYPTO_ETH,1870.19,1871.75,1867.34,1867.35,6013.645
1780448400000,2026-06-03 09:00:00,CRYPTO_ETH,1867.35,1867.86,1855.59,1859.02,4263.4862
1780449300000,2026-06-03 09:15:00,CRYPTO_ETH,1859.03,1868.48,1858.37,1867.93,3030.3916
1780450200000,2026-06-03 09:30:00,CRYPTO_ETH,1867.93,1870.01,1850.0,1851.38,4774.9366
1780451100000,2026-06-03 09:45:00,CRYPTO_ETH,1851.39,1867.22,1851.39,1864.51,5160.6867
1780452000000,2026-06-03 10:00:00,CRYPTO_ETH,1864.52,1864.94,1857.41,1859.59,7333.6774
1780452900000,2026-06-03 10:15:00,CRYPTO_ETH,1859.59,1862.56,1852.21,1853.64,3812.4477
1780453800000,2026-06-03 10:30:00,CRYPTO_ETH,1853.64,1859.64,1852.35,1855.5,11187.224
1780454700000,2026-06-03 10:45:00,CRYPTO_ETH,1855.51,1856.68,1851.2,1854.09,3351.0599
1780455600000,2026-06-03 11:00:00,CRYPTO_ETH,1854.09,1856.71,1845.41,1851.99,5672.1341
1780456500000,2026-06-03 11:15:00,CRYPTO_ETH,1851.99,1855.46,1841.47,1843.64,10891.8899
1780457400000,2026-06-03 11:30:00,CRYPTO_ETH,1843.64,1847.99,1823.78,1824.35,19139.5709
1780458300000,2026-06-03 11:45:00,CRYPTO_ETH,1824.35,1835.0,1816.92,1828.24,17367.7606
1780459200000,2026-06-03 12:00:00,CRYPTO_ETH,1828.24,1846.55,1827.65,1840.31,8040.9479
1780460100000,2026-06-03 12:15:00,CRYPTO_ETH,1840.31,1847.54,1838.25,1844.78,3912.7191
1780461000000,2026-06-03 12:30:00,CRYPTO_ETH,1844.78,1845.34,1838.94,1844.42,5258.3804
1780461900000,2026-06-03 12:45:00,CRYPTO_ETH,1844.42,1852.0,1840.8,1850.84,7511.4559
1780462800000,2026-06-03 13:00:00,CRYPTO_ETH,1850.84,1873.62,1849.99,1868.37,16569.2955
1780463700000,2026-06-03 13:15:00,CRYPTO_ETH,1868.37,1874.22,1865.67,1870.46,4665.0708
1780464600000,2026-06-03 13:30:00,CRYPTO_ETH,1870.46,1870.46,1858.82,1865.6,3947.2788
1780465500000,2026-06-03 13:45:00,CRYPTO_ETH,1865.6,1876.12,1864.74,1873.45,6435.9099
1780466400000,2026-06-03 14:00:00,CRYPTO_ETH,1873.44,1875.54,1871.14,1874.62,2943.7972
1780467300000,2026-06-03 14:15:00,CRYPTO_ETH,1874.61,1875.48,1872.01,1872.49,3262.6129
1780468200000,2026-06-03 14:30:00,CRYPTO_ETH,1872.49,1884.41,1871.3,1880.82,7216.5646
1780469100000,2026-06-03 14:45:00,CRYPTO_ETH,1880.82,1881.88,1870.28,1871.87,6743.4165
1780470000000,2026-06-03 15:00:00,CRYPTO_ETH,1871.87,1876.5,1867.97,1873.66,3511.0576
1780470900000,2026-06-03 15:15:00,CRYPTO_ETH,1873.66,1879.81,1871.97,1877.14,3048.1879
1780471800000,2026-06-03 15:30:00,CRYPTO_ETH,1877.13,1879.79,1873.32,1876.81,3585.5407
1780472700000,2026-06-03 15:45:00,CRYPTO_ETH,1876.81,1880.38,1876.64,1878.39,3784.4154
1780473600000,2026-06-03 16:00:00,CRYPTO_ETH,1878.39,1880.0,1874.84,1874.85,2057.903
1780474500000,2026-06-03 16:15:00,CRYPTO_ETH,1874.85,1876.65,1873.32,1875.33,2468.66
1780475400000,2026-06-03 16:30:00,CRYPTO_ETH,1875.33,1881.0,1874.4,1879.43,3248.2033
1780476300000,2026-06-03 16:45:00,CRYPTO_ETH,1879.43,1883.43,1878.09,1880.02,3820.9541
1780477200000,2026-06-03 17:00:00,CRYPTO_ETH,1880.01,1882.96,1878.7,1879.0,2399.8116
1780478100000,2026-06-03 17:15:00,CRYPTO_ETH,1879.01,1880.64,1876.82,1877.06,3918.9006
1780479000000,2026-06-03 17:30:00,CRYPTO_ETH,1877.06,1877.79,1872.17,1872.43,4353.6755
1780479900000,2026-06-03 17:45:00,CRYPTO_ETH,1872.44,1886.58,1869.95,1876.28,7625.6673
1780480800000,2026-06-03 18:00:00,CRYPTO_ETH,1876.28,1893.07,1875.01,1885.01,6627.0996
1780481700000,2026-06-03 18:15:00,CRYPTO_ETH,1885.0,1886.92,1882.02,1886.5,2320.482
1780482600000,2026-06-03 18:30:00,CRYPTO_ETH,1886.5,1888.27,1882.87,1883.45,2045.7236
1780483500000,2026-06-03 18:45:00,CRYPTO_ETH,1883.45,1885.24,1882.22,1884.79,2137.0047
1780484400000,2026-06-03 19:00:00,CRYPTO_ETH,1884.79,1888.0,1882.93,1888.0,2064.178
1780485300000,2026-06-03 19:15:00,CRYPTO_ETH,1887.99,1888.29,1884.5,1886.84,2478.4353
1780486200000,2026-06-03 19:30:00,CRYPTO_ETH,1886.83,1886.83,1879.39,1881.17,2676.833
1780487100000,2026-06-03 19:45:00,CRYPTO_ETH,1881.17,1881.17,1876.12,1878.16,3000.5058
1780488000000,2026-06-03 20:00:00,CRYPTO_ETH,1878.17,1879.29,1872.95,1874.69,2530.5516
1780488900000,2026-06-03 20:15:00,CRYPTO_ETH,1874.68,1874.68,1868.02,1873.59,5428.8896
1780489800000,2026-06-03 20:30:00,CRYPTO_ETH,1873.58,1880.0,1868.26,1872.62,4007.0797
1780490700000,2026-06-03 20:45:00,CRYPTO_ETH,1872.62,1879.57,1871.6,1876.4,2413.3583
1780491600000,2026-06-03 21:00:00,CRYPTO_ETH,1876.41,1879.68,1869.34,1874.38,4255.7586
1780492500000,2026-06-03 21:15:00,CRYPTO_ETH,1874.38,1878.3,1867.67,1867.83,2755.6989
1780493400000,2026-06-03 21:30:00,CRYPTO_ETH,1867.84,1877.0,1863.01,1864.49,6231.5698
1780494300000,2026-06-03 21:45:00,CRYPTO_ETH,1864.49,1872.56,1861.35,1867.64,5532.4651
1780495200000,2026-06-03 22:00:00,CRYPTO_ETH,1867.64,1868.72,1862.0,1865.54,3729.7459
1780496100000,2026-06-03 22:15:00,CRYPTO_ETH,1865.55,1866.47,1854.53,1858.26,5871.9497
1780497000000,2026-06-03 22:30:00,CRYPTO_ETH,1858.26,1862.09,1852.8,1853.81,3543.7889
1780497900000,2026-06-03 22:45:00,CRYPTO_ETH,1853.81,1859.22,1852.82,1858.51,2431.8585
1780498800000,2026-06-03 23:00:00,CRYPTO_ETH,1858.51,1859.75,1847.84,1851.32,5776.4957
1780499700000,2026-06-03 23:15:00,CRYPTO_ETH,1851.32,1856.56,1844.47,1853.7,9381.0096
1780500600000,2026-06-03 23:30:00,CRYPTO_ETH,1853.7,1856.0,1843.09,1845.0,5362.6461
1780501500000,2026-06-03 23:45:00,CRYPTO_ETH,1845.0,1846.55,1836.21,1837.21,9239.3895
1780502400000,2026-06-04 00:00:00,CRYPTO_ETH,1837.22,1844.08,1831.35,1836.63,10844.7753
1780503300000,2026-06-04 00:15:00,CRYPTO_ETH,1836.63,1838.64,1811.15,1819.16,16247.8548
1780504200000,2026-06-04 00:30:00,CRYPTO_ETH,1819.16,1829.08,1816.8,1828.5,7072.6225
1780505100000,2026-06-04 00:45:00,CRYPTO_ETH,1828.5,1833.3,1826.24,1832.68,4704.6205
1780506000000,2026-06-04 01:00:00,CRYPTO_ETH,1832.68,1833.93,1818.14,1820.6,4576.8446
1780506900000,2026-06-04 01:15:00,CRYPTO_ETH,1820.59,1830.09,1820.59,1829.62,3442.1339
1780507800000,2026-06-04 01:30:00,CRYPTO_ETH,1829.62,1839.53,1826.63,1836.01,3640.1941
1780508700000,2026-06-04 01:45:00,CRYPTO_ETH,1836.01,1836.26,1823.48,1828.11,3690.2646
1780509600000,2026-06-04 02:00:00,CRYPTO_ETH,1828.12,1832.69,1825.46,1829.27,2994.7321
1780510500000,2026-06-04 02:15:00,CRYPTO_ETH,1829.26,1829.27,1821.65,1825.66,3107.0591
1780511400000,2026-06-04 02:30:00,CRYPTO_ETH,1825.65,1832.3,1822.41,1830.22,2028.58
1780512300000,2026-06-04 02:45:00,CRYPTO_ETH,1830.23,1834.41,1830.23,1832.25,2083.6457
1780513200000,2026-06-04 03:00:00,CRYPTO_ETH,1832.25,1833.64,1826.24,1827.93,2223.3778
1780514100000,2026-06-04 03:15:00,CRYPTO_ETH,1827.93,1829.31,1814.47,1815.8,7095.1897
1780515000000,2026-06-04 03:30:00,CRYPTO_ETH,1815.79,1823.66,1813.35,1820.01,4364.7478
1780515900000,2026-06-04 03:45:00,CRYPTO_ETH,1820.0,1823.17,1795.23,1803.41,26278.0974
1780516800000,2026-06-04 04:00:00,CRYPTO_ETH,1803.41,1813.11,1792.66,1811.36,12016.5759
1780517700000,2026-06-04 04:15:00,CRYPTO_ETH,1811.35,1811.46,1796.87,1810.5,7785.5089
1780518600000,2026-06-04 04:30:00,CRYPTO_ETH,1810.5,1810.51,1793.22,1793.79,6102.2507
1780519500000,2026-06-04 04:45:00,CRYPTO_ETH,1793.8,1796.0,1769.62,1781.44,22223.7299
1780520400000,2026-06-04 05:00:00,CRYPTO_ETH,1781.44,1803.6,1777.67,1797.85,7209.7586
1780521300000,2026-06-04 05:15:00,CRYPTO_ETH,1797.85,1803.77,1797.49,1801.8,3447.8936
1780522200000,2026-06-04 05:30:00,CRYPTO_ETH,1801.8,1839.42,1800.48,1829.42,16216.7575
1780523100000,2026-06-04 05:45:00,CRYPTO_ETH,1829.42,1850.29,1825.44,1850.1,13977.143
1780524000000,2026-06-04 06:00:00,CRYPTO_ETH,1850.1,1852.2,1836.6,1838.51,10695.5279
1780524900000,2026-06-04 06:15:00,CRYPTO_ETH,1838.51,1838.51,1827.11,1829.58,6592.4472
1780525800000,2026-06-04 06:30:00,CRYPTO_ETH,1829.57,1836.49,1822.77,1830.88,5745.402
1780526700000,2026-06-04 06:45:00,CRYPTO_ETH,1830.87,1831.59,1823.43,1829.0,3048.5289
1780527600000,2026-06-04 07:00:00,CRYPTO_ETH,1829.01,1830.93,1816.54,1823.56,7051.0677
1780528500000,2026-06-04 07:15:00,CRYPTO_ETH,1823.56,1825.31,1816.53,1822.35,4068.9012
1780529400000,2026-06-04 07:30:00,CRYPTO_ETH,1822.35,1825.48,1814.42,1816.5,5626.0007
1780530300000,2026-06-04 07:45:00,CRYPTO_ETH,1816.51,1820.73,1812.84,1813.05,3594.8811
1780531200000,2026-06-04 08:00:00,CRYPTO_ETH,1813.05,1820.5,1810.3,1817.01,4392.1554
1780532100000,2026-06-04 08:15:00,CRYPTO_ETH,1817.01,1819.9,1784.08,1784.18,11292.3317
1780533000000,2026-06-04 08:30:00,CRYPTO_ETH,1784.18,1804.32,1782.6,1800.72,14569.9031
1780533900000,2026-06-04 08:45:00,CRYPTO_ETH,1800.72,1800.79,1785.4,1793.85,6439.7582
1780534800000,2026-06-04 09:00:00,CRYPTO_ETH,1793.86,1801.06,1784.75,1786.91,6672.4043
1780535700000,2026-06-04 09:15:00,CRYPTO_ETH,1786.92,1787.6,1765.0,1773.6,14248.4606
1780536600000,2026-06-04 09:30:00,CRYPTO_ETH,1773.61,1789.74,1772.77,1781.55,6568.5163
1780537500000,2026-06-04 09:45:00,CRYPTO_ETH,1781.54,1782.54,1755.0,1759.77,17904.9102
1780538400000,2026-06-04 10:00:00,CRYPTO_ETH,1759.76,1762.18,1717.28,1745.53,49769.1514
1780539300000,2026-06-04 10:15:00,CRYPTO_ETH,1745.53,1772.49,1736.48,1766.55,17870.1744
1780540200000,2026-06-04 10:30:00,CRYPTO_ETH,1766.55,1776.9,1763.12,1774.1,9403.1629
1780541100000,2026-06-04 10:45:00,CRYPTO_ETH,1774.09,1778.93,1765.82,1766.82,7171.6326
1780542000000,2026-06-04 11:00:00,CRYPTO_ETH,1766.83,1797.6,1766.6,1793.53,12449.0844
1780542900000,2026-06-04 11:15:00,CRYPTO_ETH,1793.53,1801.22,1793.06,1794.83,6809.1531
1780543800000,2026-06-04 11:30:00,CRYPTO_ETH,1794.83,1812.52,1794.42,1808.59,9939.9855
1780544700000,2026-06-04 11:45:00,CRYPTO_ETH,1808.59,1812.09,1806.22,1809.24,4545.2747
1780545600000,2026-06-04 12:00:00,CRYPTO_ETH,1809.24,1817.45,1808.0,1814.0,4357.1929
1780546500000,2026-06-04 12:15:00,CRYPTO_ETH,1813.99,1818.0,1809.42,1810.93,3960.0804
1780547400000,2026-06-04 12:30:00,CRYPTO_ETH,1810.93,1812.8,1803.23,1807.41,4669.7968
1780548300000,2026-06-04 12:45:00,CRYPTO_ETH,1807.41,1807.92,1802.69,1805.49,3969.0863
1780549200000,2026-06-04 13:00:00,CRYPTO_ETH,1805.49,1805.49,1783.4,1792.72,9049.8113
1780550100000,2026-06-04 13:15:00,CRYPTO_ETH,1792.72,1795.05,1783.72,1784.54,8053.11
1780551000000,2026-06-04 13:30:00,CRYPTO_ETH,1784.55,1794.89,1780.59,1793.99,6338.8277
1780551900000,2026-06-04 13:45:00,CRYPTO_ETH,1793.98,1793.98,1781.33,1784.06,4139.3724
1780552800000,2026-06-04 14:00:00,CRYPTO_ETH,1784.05,1791.03,1782.07,1790.69,5141.3761
1780553700000,2026-06-04 14:15:00,CRYPTO_ETH,1790.69,1802.06,1788.84,1797.43,5003.4695
1780554600000,2026-06-04 14:30:00,CRYPTO_ETH,1797.44,1801.78,1791.29,1798.15,3769.8379
1780555500000,2026-06-04 14:45:00,CRYPTO_ETH,1798.14,1798.14,1786.85,1789.95,4816.456
1780556400000,2026-06-04 15:00:00,CRYPTO_ETH,1789.96,1790.72,1776.89,1783.39,5916.7466
1780557300000,2026-06-04 15:15:00,CRYPTO_ETH,1783.39,1784.38,1773.52,1778.02,5553.556
1780558200000,2026-06-04 15:30:00,CRYPTO_ETH,1778.02,1787.3,1777.41,1784.53,4435.9505
1780559100000,2026-06-04 15:45:00,CRYPTO_ETH,1784.53,1785.24,1777.05,1777.45,3810.8811
1780560000000,2026-06-04 16:00:00,CRYPTO_ETH,1777.44,1783.27,1767.46,1767.73,5353.6653
1780560900000,2026-06-04 16:15:00,CRYPTO_ETH,1767.74,1774.2,1763.98,1771.59,6869.7862
1780561800000,2026-06-04 16:30:00,CRYPTO_ETH,1771.59,1778.96,1766.94,1769.04,5049.6776
1780562700000,2026-06-04 16:45:00,CRYPTO_ETH,1769.04,1777.34,1768.85,1773.63,4649.745
1780563600000,2026-06-04 17:00:00,CRYPTO_ETH,1773.63,1774.14,1758.51,1761.25,7261.6024
1780564500000,2026-06-04 17:15:00,CRYPTO_ETH,1761.25,1761.84,1746.32,1749.18,15448.6483
1780565400000,2026-06-04 17:30:00,CRYPTO_ETH,1749.18,1753.92,1744.53,1752.76,8713.9578
1780566300000,2026-06-04 17:45:00,CRYPTO_ETH,1752.75,1766.76,1752.64,1766.52,9487.5977
1780567200000,2026-06-04 18:00:00,CRYPTO_ETH,1766.58,1767.22,1753.35,1755.9,5735.4002
1780568100000,2026-06-04 18:15:00,CRYPTO_ETH,1755.9,1761.0,1751.98,1755.01,4912.1362
1780569000000,2026-06-04 18:30:00,CRYPTO_ETH,1755.0,1763.31,1752.61,1752.84,5695.452
1780569900000,2026-06-04 18:45:00,CRYPTO_ETH,1752.85,1753.89,1730.13,1736.86,27646.1431
1780570800000,2026-06-04 19:00:00,CRYPTO_ETH,1736.86,1744.26,1732.53,1736.38,10388.9247
1780571700000,2026-06-04 19:15:00,CRYPTO_ETH,1736.38,1752.09,1735.01,1747.83,10985.9462
1780572600000,2026-06-04 19:30:00,CRYPTO_ETH,1747.83,1754.67,1738.04,1741.12,7359.4621
1780573500000,2026-06-04 19:45:00,CRYPTO_ETH,1741.12,1751.85,1741.12,1751.51,5828.716
1780574400000,2026-06-04 20:00:00,CRYPTO_ETH,1751.51,1757.43,1744.29,1747.14,6946.0187
1780575300000,2026-06-04 20:15:00,CRYPTO_ETH,1747.13,1769.0,1746.76,1767.68,12058.9412
1780576200000,2026-06-04 20:30:00,CRYPTO_ETH,1767.67,1782.91,1765.16,1775.18,9892.9557
1780577100000,2026-06-04 20:45:00,CRYPTO_ETH,1775.17,1782.52,1772.0,1778.16,7721.318
1780578000000,2026-06-04 21:00:00,CRYPTO_ETH,1778.17,1780.49,1773.27,1773.28,6867.8368
1780578900000,2026-06-04 21:15:00,CRYPTO_ETH,1773.27,1775.13,1755.65,1763.13,8164.316
1780579800000,2026-06-04 21:30:00,CRYPTO_ETH,1763.14,1790.0,1762.02,1778.74,12332.1312
1780580700000,2026-06-04 21:45:00,CRYPTO_ETH,1778.74,1787.15,1774.91,1785.52,5070.1076
1780581600000,2026-06-04 22:00:00,CRYPTO_ETH,1785.53,1794.43,1777.99,1789.5,8074.8431
1780582500000,2026-06-04 22:15:00,CRYPTO_ETH,1789.51,1791.3,1780.23,1782.16,5242.1583
1780583400000,2026-06-04 22:30:00,CRYPTO_ETH,1782.15,1782.15,1770.5,1772.3,6773.274
1780584300000,2026-06-04 22:45:00,CRYPTO_ETH,1772.3,1775.69,1766.33,1774.38,4567.5415
1780585200000,2026-06-04 23:00:00,CRYPTO_ETH,1774.37,1791.29,1771.14,1789.03,5708.4434
1780586100000,2026-06-04 23:15:00,CRYPTO_ETH,1789.02,1790.0,1773.72,1778.88,4551.2957
1780587000000,2026-06-04 23:30:00,CRYPTO_ETH,1778.89,1780.45,1774.32,1775.31,3660.1288
1780587900000,2026-06-04 23:45:00,CRYPTO_ETH,1775.31,1780.1,1770.64,1777.02,3873.0867
1780588800000,2026-06-05 00:00:00,CRYPTO_ETH,1777.03,1778.27,1771.07,1772.34,3210.8838
1780589700000,2026-06-05 00:15:00,CRYPTO_ETH,1772.34,1778.05,1769.6,1770.11,3154.0696
1780590600000,2026-06-05 00:30:00,CRYPTO_ETH,1770.11,1779.08,1766.13,1777.9,4183.1338
1780591500000,2026-06-05 00:45:00,CRYPTO_ETH,1777.9,1781.25,1768.9,1772.2,2931.0248
1780592400000,2026-06-05 01:00:00,CRYPTO_ETH,1772.2,1776.03,1768.47,1772.59,2628.2269
1780593300000,2026-06-05 01:15:00,CRYPTO_ETH,1772.6,1772.6,1762.38,1764.58,3895.5514
1780594200000,2026-06-05 01:30:00,CRYPTO_ETH,1764.58,1766.05,1754.0,1757.91,5624.5981
1780595100000,2026-06-05 01:45:00,CRYPTO_ETH,1757.91,1774.93,1754.38,1768.05,6137.8108
1780596000000,2026-06-05 02:00:00,CRYPTO_ETH,1768.06,1770.09,1760.01,1760.43,2925.5514
1780596900000,2026-06-05 02:15:00,CRYPTO_ETH,1760.44,1779.57,1760.44,1779.57,5248.9491
1780597800000,2026-06-05 02:30:00,CRYPTO_ETH,1779.57,1783.64,1773.15,1774.87,4906.7965
1780598700000,2026-06-05 02:45:00,CRYPTO_ETH,1774.85,1781.2,1772.53,1776.28,3515.6364
1780599600000,2026-06-05 03:00:00,CRYPTO_ETH,1776.27,1777.53,1771.0,1777.51,2422.1004
1780600500000,2026-06-05 03:15:00,CRYPTO_ETH,1777.5,1787.11,1776.5,1784.96,4503.0515
1780601400000,2026-06-05 03:30:00,CRYPTO_ETH,1784.96,1785.91,1777.68,1778.51,2723.618
1780602300000,2026-06-05 03:45:00,CRYPTO_ETH,1778.5,1779.38,1773.57,1776.94,2533.5714
1780603200000,2026-06-05 04:00:00,CRYPTO_ETH,1776.93,1777.52,1764.66,1772.59,3072.8597
1780604100000,2026-06-05 04:15:00,CRYPTO_ETH,1772.59,1775.0,1767.35,1770.25,2001.3058
1780605000000,2026-06-05 04:30:00,CRYPTO_ETH,1770.25,1774.88,1769.5,1772.54,1884.4378
1780605900000,2026-06-05 04:45:00,CRYPTO_ETH,1772.53,1774.88,1768.97,1774.88,1781.1746
1780606800000,2026-06-05 05:00:00,CRYPTO_ETH,1774.87,1783.02,1772.79,1778.31,4372.6717
1780607700000,2026-06-05 05:15:00,CRYPTO_ETH,1778.31,1778.78,1768.44,1769.94,2474.3393
1780608600000,2026-06-05 05:30:00,CRYPTO_ETH,1769.93,1770.53,1757.11,1767.77,5280.8596
1780609500000,2026-06-05 05:45:00,CRYPTO_ETH,1767.77,1769.47,1760.79,1761.2,2612.6544
1780610400000,2026-06-05 06:00:00,CRYPTO_ETH,1761.2,1768.6,1753.29,1756.8,6767.0092
1780611300000,2026-06-05 06:15:00,CRYPTO_ETH,1756.8,1762.86,1756.69,1759.75,2931.9146
1780612200000,2026-06-05 06:30:00,CRYPTO_ETH,1759.75,1764.09,1752.46,1760.46,3969.4814
1780613100000,2026-06-05 06:45:00,CRYPTO_ETH,1760.46,1770.26,1756.75,1768.73,3520.8875
1780614000000,2026-06-05 07:00:00,CRYPTO_ETH,1768.74,1777.02,1767.62,1770.17,3194.3432
1780614900000,2026-06-05 07:15:00,CRYPTO_ETH,1770.17,1770.17,1757.35,1760.92,3081.8168
1780615800000,2026-06-05 07:30:00,CRYPTO_ETH,1760.93,1770.54,1760.48,1769.87,2132.7105
1780616700000,2026-06-05 07:45:00,CRYPTO_ETH,1769.88,1772.45,1766.65,1770.77,2760.1973
1780617600000,2026-06-05 08:00:00,CRYPTO_ETH,1770.76,1770.76,1763.39,1763.97,2585.4399
1780618500000,2026-06-05 08:15:00,CRYPTO_ETH,1763.98,1772.96,1760.39,1772.78,2738.3591
1780619400000,2026-06-05 08:30:00,CRYPTO_ETH,1772.77,1774.99,1767.5,1768.8,2795.6655
1780620300000,2026-06-05 08:45:00,CRYPTO_ETH,1768.79,1772.11,1758.51,1759.42,3214.7935
1780621200000,2026-06-05 09:00:00,CRYPTO_ETH,1759.43,1759.57,1746.52,1756.24,6346.6982
1780622100000,2026-06-05 09:15:00,CRYPTO_ETH,1756.25,1759.37,1748.22,1755.35,5471.206
1780623000000,2026-06-05 09:30:00,CRYPTO_ETH,1755.36,1764.07,1752.12,1757.66,3523.6719
1780623900000,2026-06-05 09:45:00,CRYPTO_ETH,1757.66,1757.79,1752.0,1753.33,2679.8844
1780624800000,2026-06-05 10:00:00,CRYPTO_ETH,1753.34,1754.9,1742.95,1747.38,8266.0948
1780625700000,2026-06-05 10:15:00,CRYPTO_ETH,1747.38,1750.85,1736.28,1736.41,10248.244
1780626600000,2026-06-05 10:30:00,CRYPTO_ETH,1736.42,1742.09,1727.65,1735.64,11132.216
1780627500000,2026-06-05 10:45:00,CRYPTO_ETH,1735.65,1740.35,1730.02,1730.24,5484.9612
1780628400000,2026-06-05 11:00:00,CRYPTO_ETH,1730.24,1731.69,1722.36,1724.54,6872.2437
1780629300000,2026-06-05 11:15:00,CRYPTO_ETH,1724.54,1739.43,1724.54,1730.43,9427.8899
1780630200000,2026-06-05 11:30:00,CRYPTO_ETH,1730.43,1739.5,1728.71,1731.46,3160.5894
1780631100000,2026-06-05 11:45:00,CRYPTO_ETH,1731.46,1735.85,1728.0,1729.71,4223.2397
1780632000000,2026-06-05 12:00:00,CRYPTO_ETH,1729.72,1734.9,1718.25,1726.89,11801.0034
1780632900000,2026-06-05 12:15:00,CRYPTO_ETH,1726.9,1736.62,1718.27,1736.57,9610.2189
1780633800000,2026-06-05 12:30:00,CRYPTO_ETH,1736.57,1736.57,1727.97,1730.35,3463.885
1780634700000,2026-06-05 12:45:00,CRYPTO_ETH,1730.34,1746.05,1725.01,1744.64,4690.997
1780635600000,2026-06-05 13:00:00,CRYPTO_ETH,1744.64,1747.8,1731.94,1732.78,5311.6719
1780636500000,2026-06-05 13:15:00,CRYPTO_ETH,1732.78,1737.97,1726.44,1734.98,7426.5075
1780637400000,2026-06-05 13:30:00,CRYPTO_ETH,1734.97,1735.6,1698.0,1699.45,31863.3907
1780638300000,2026-06-05 13:45:00,CRYPTO_ETH,1699.45,1703.9,1681.29,1684.16,35634.2892
1780639200000,2026-06-05 14:00:00,CRYPTO_ETH,1684.16,1689.5,1666.66,1671.7,34663.0841
1780640100000,2026-06-05 14:15:00,CRYPTO_ETH,1671.69,1676.96,1625.78,1644.91,57011.5043
1780641000000,2026-06-05 14:30:00,CRYPTO_ETH,1644.92,1669.71,1643.31,1664.95,23315.0154
1780641900000,2026-06-05 14:45:00,CRYPTO_ETH,1664.95,1666.4,1652.45,1656.52,13271.4264
1780642800000,2026-06-05 15:00:00,CRYPTO_ETH,1656.52,1658.07,1633.45,1638.02,18519.7518
1780643700000,2026-06-05 15:15:00,CRYPTO_ETH,1638.02,1663.0,1637.93,1657.45,13589.2481
1780644600000,2026-06-05 15:30:00,CRYPTO_ETH,1657.44,1674.34,1653.18,1674.22,24383.689
1780645500000,2026-06-05 15:45:00,CRYPTO_ETH,1674.22,1680.0,1671.01,1679.21,19119.5448
1780646400000,2026-06-05 16:00:00,CRYPTO_ETH,1679.22,1679.64,1667.03,1669.52,12691.8664
1780647300000,2026-06-05 16:15:00,CRYPTO_ETH,1669.52,1673.77,1662.99,1673.16,9014.2967
1780648200000,2026-06-05 16:30:00,CRYPTO_ETH,1673.16,1676.43,1666.9,1667.05,7677.6353
1780649100000,2026-06-05 16:45:00,CRYPTO_ETH,1667.05,1669.32,1659.43,1663.87,8873.7151
1780650000000,2026-06-05 17:00:00,CRYPTO_ETH,1663.88,1687.7,1662.85,1687.1,12221.2671
1780650900000,2026-06-05 17:15:00,CRYPTO_ETH,1687.1,1690.07,1676.65,1684.94,9623.0095
1780651800000,2026-06-05 17:30:00,CRYPTO_ETH,1684.94,1685.78,1677.03,1678.41,5679.371
1780652700000,2026-06-05 17:45:00,CRYPTO_ETH,1678.41,1685.56,1678.09,1682.72,5092.6303
1780653600000,2026-06-05 18:00:00,CRYPTO_ETH,1682.73,1685.03,1672.27,1677.53,8334.9157
1780654500000,2026-06-05 18:15:00,CRYPTO_ETH,1677.53,1678.25,1672.05,1676.64,3915.2517
1780655400000,2026-06-05 18:30:00,CRYPTO_ETH,1676.64,1682.19,1672.39,1680.07,4863.712
1780656300000,2026-06-05 18:45:00,CRYPTO_ETH,1680.07,1680.07,1672.55,1676.87,5627.6302
1780657200000,2026-06-05 19:00:00,CRYPTO_ETH,1676.86,1677.4,1668.11,1670.32,4764.9133
1780658100000,2026-06-05 19:15:00,CRYPTO_ETH,1670.32,1681.8,1668.45,1677.9,9364.812
1780659000000,2026-06-05 19:30:00,CRYPTO_ETH,1677.9,1678.96,1667.65,1667.66,5302.4164
1780659900000,2026-06-05 19:45:00,CRYPTO_ETH,1667.66,1671.34,1663.0,1663.44,6371.2276
1780660800000,2026-06-05 20:00:00,CRYPTO_ETH,1663.43,1669.15,1652.0,1660.52,14337.4596
1780661700000,2026-06-05 20:15:00,CRYPTO_ETH,1660.51,1671.47,1660.49,1664.25,5842.2613
1780662600000,2026-06-05 20:30:00,CRYPTO_ETH,1664.26,1671.31,1646.1,1656.55,14152.8283
1780663500000,2026-06-05 20:45:00,CRYPTO_ETH,1656.55,1659.39,1651.75,1657.28,6277.4905
1780664400000,2026-06-05 21:00:00,CRYPTO_ETH,1657.28,1672.26,1656.88,1666.91,10532.4343
1780665300000,2026-06-05 21:15:00,CRYPTO_ETH,1666.9,1674.33,1663.97,1665.41,8160.5848
1780666200000,2026-06-05 21:30:00,CRYPTO_ETH,1665.4,1677.7,1652.15,1655.28,16421.4678
1780667100000,2026-06-05 21:45:00,CRYPTO_ETH,1655.31,1657.07,1612.35,1615.04,32874.0962
1780668000000,2026-06-05 22:00:00,CRYPTO_ETH,1615.05,1624.56,1590.8,1615.77,54198.8153
1780668900000,2026-06-05 22:15:00,CRYPTO_ETH,1615.77,1622.61,1596.5,1603.42,21074.3328
1780669800000,2026-06-05 22:30:00,CRYPTO_ETH,1603.41,1623.18,1596.63,1609.84,19799.1578
1780670700000,2026-06-05 22:45:00,CRYPTO_ETH,1609.84,1618.27,1595.48,1600.96,23145.2987
1780671600000,2026-06-05 23:00:00,CRYPTO_ETH,1600.96,1603.01,1579.03,1584.2,30224.0943
1780672500000,2026-06-05 23:15:00,CRYPTO_ETH,1584.2,1604.6,1580.0,1594.77,16299.8506
1780673400000,2026-06-05 23:30:00,CRYPTO_ETH,1594.76,1599.15,1572.22,1584.87,20248.1322
1780674300000,2026-06-05 23:45:00,CRYPTO_ETH,1584.88,1589.06,1575.71,1583.29,10744.7165
1780675200000,2026-06-06 00:00:00,CRYPTO_ETH,1583.29,1593.09,1547.01,1587.28,45619.1948
1780676100000,2026-06-06 00:15:00,CRYPTO_ETH,1587.27,1608.59,1581.42,1593.81,29715.2203
1780677000000,2026-06-06 00:30:00,CRYPTO_ETH,1593.8,1597.12,1578.95,1583.07,11330.4925
1780677900000,2026-06-06 00:45:00,CRYPTO_ETH,1583.06,1612.44,1582.79,1608.49,14129.265
1780678800000,2026-06-06 01:00:00,CRYPTO_ETH,1608.48,1612.89,1595.2,1599.46,11790.5126
1780679700000,2026-06-06 01:15:00,CRYPTO_ETH,1599.46,1600.09,1588.0,1589.42,10273.259
1780680600000,2026-06-06 01:30:00,CRYPTO_ETH,1589.42,1603.7,1588.37,1592.92,6954.684
1780681500000,2026-06-06 01:45:00,CRYPTO_ETH,1592.93,1595.65,1589.04,1594.28,6152.2555
1780682400000,2026-06-06 02:00:00,CRYPTO_ETH,1594.28,1598.66,1588.78,1589.37,6491.0929
1780683300000,2026-06-06 02:15:00,CRYPTO_ETH,1589.37,1590.21,1563.0,1565.25,17105.3338
1780684200000,2026-06-06 02:30:00,CRYPTO_ETH,1565.25,1576.41,1555.0,1564.95,19576.1981
1780685100000,2026-06-06 02:45:00,CRYPTO_ETH,1564.95,1566.02,1544.68,1553.26,22400.6721
1780686000000,2026-06-06 03:00:00,CRYPTO_ETH,1553.26,1560.83,1543.33,1551.36,17086.532
1780686900000,2026-06-06 03:15:00,CRYPTO_ETH,1551.35,1561.59,1540.19,1560.99,17075.0781
1780687800000,2026-06-06 03:30:00,CRYPTO_ETH,1560.98,1561.59,1545.14,1553.11,14654.8668
1780688700000,2026-06-06 03:45:00,CRYPTO_ETH,1553.11,1580.3,1553.05,1574.06,17053.4215
1780689600000,2026-06-06 04:00:00,CRYPTO_ETH,1574.07,1591.06,1557.36,1584.09,17238.9378
1780690500000,2026-06-06 04:15:00,CRYPTO_ETH,1584.09,1601.01,1580.67,1594.94,17071.4251
1780691400000,2026-06-06 04:30:00,CRYPTO_ETH,1594.95,1603.2,1590.68,1599.0,10981.0472
1780692300000,2026-06-06 04:45:00,CRYPTO_ETH,1599.01,1608.5,1595.6,1603.38,11610.5851
1780693200000,2026-06-06 05:00:00,CRYPTO_ETH,1603.38,1615.5,1602.45,1613.24,10344.6469
1780694100000,2026-06-06 05:15:00,CRYPTO_ETH,1613.24,1616.41,1607.73,1611.42,22428.875
1780695000000,2026-06-06 05:30:00,CRYPTO_ETH,1611.41,1616.51,1607.1,1613.94,4363.3333
1780695900000,2026-06-06 05:45:00,CRYPTO_ETH,1613.94,1619.3,1609.13,1609.8,3277.4456
1780696800000,2026-06-06 06:00:00,CRYPTO_ETH,1609.81,1610.25,1589.68,1594.12,10261.0681
1780697700000,2026-06-06 06:15:00,CRYPTO_ETH,1594.11,1603.75,1591.34,1594.67,8875.6812
1780698600000,2026-06-06 06:30:00,CRYPTO_ETH,1594.68,1605.44,1591.8,1599.11,7137.8597
1780699500000,2026-06-06 06:45:00,CRYPTO_ETH,1599.11,1602.6,1592.37,1597.14,6773.9893
1780700400000,2026-06-06 07:00:00,CRYPTO_ETH,1597.14,1603.89,1592.33,1592.49,7602.6356
1780701300000,2026-06-06 07:15:00,CRYPTO_ETH,1592.48,1592.79,1570.37,1574.66,13722.157
1780702200000,2026-06-06 07:30:00,CRYPTO_ETH,1574.65,1575.48,1561.07,1571.91,8573.6985
1780703100000,2026-06-06 07:45:00,CRYPTO_ETH,1571.91,1584.3,1568.01,1583.4,3743.5804
1780704000000,2026-06-06 08:00:00,CRYPTO_ETH,1583.4,1601.22,1582.71,1598.36,6344.6823
1780704900000,2026-06-06 08:15:00,CRYPTO_ETH,1598.36,1600.73,1590.29,1595.75,4421.117
1780705800000,2026-06-06 08:30:00,CRYPTO_ETH,1595.75,1599.72,1592.02,1593.25,3078.4059
1780706700000,2026-06-06 08:45:00,CRYPTO_ETH,1593.25,1598.59,1591.29,1593.03,3476.5281
1780707600000,2026-06-06 09:00:00,CRYPTO_ETH,1593.04,1596.77,1584.58,1585.4,2779.7491
1780708500000,2026-06-06 09:15:00,CRYPTO_ETH,1585.39,1592.98,1578.15,1592.78,4054.8056
1780709400000,2026-06-06 09:30:00,CRYPTO_ETH,1592.77,1592.77,1582.51,1584.41,2769.4568
1780710300000,2026-06-06 09:45:00,CRYPTO_ETH,1584.4,1588.14,1580.0,1583.16,3084.5447
1780711200000,2026-06-06 10:00:00,CRYPTO_ETH,1583.16,1583.57,1575.62,1575.65,4437.2627
1780712100000,2026-06-06 10:15:00,CRYPTO_ETH,1575.66,1578.96,1566.66,1572.86,5440.0329
1780713000000,2026-06-06 10:30:00,CRYPTO_ETH,1572.85,1581.11,1571.2,1576.8,5909.6621
1780713900000,2026-06-06 10:45:00,CRYPTO_ETH,1576.8,1585.84,1574.59,1576.2,3809.9591
1780714800000,2026-06-06 11:00:00,CRYPTO_ETH,1576.2,1576.73,1568.37,1570.78,4577.5641
1780715700000,2026-06-06 11:15:00,CRYPTO_ETH,1570.78,1572.47,1562.85,1566.64,4593.0737
1780716600000,2026-06-06 11:30:00,CRYPTO_ETH,1566.64,1566.74,1555.28,1562.72,6049.8542
1780717500000,2026-06-06 11:45:00,CRYPTO_ETH,1562.72,1567.86,1559.41,1563.34,3777.6988
1780718400000,2026-06-06 12:00:00,CRYPTO_ETH,1563.34,1569.57,1538.69,1541.83,14896.983
1780719300000,2026-06-06 12:15:00,CRYPTO_ETH,1541.83,1548.55,1528.88,1533.79,13650.3055
1780720200000,2026-06-06 12:30:00,CRYPTO_ETH,1533.79,1535.5,1510.43,1520.5,17581.0181
1780721100000,2026-06-06 12:45:00,CRYPTO_ETH,1520.5,1530.58,1515.67,1522.56,7255.3139
1780722000000,2026-06-06 13:00:00,CRYPTO_ETH,1522.57,1531.37,1505.68,1518.97,19454.6051
1780722900000,2026-06-06 13:15:00,CRYPTO_ETH,1518.96,1565.3,1517.9,1549.6,18054.1126
1780723800000,2026-06-06 13:30:00,CRYPTO_ETH,1549.59,1563.65,1549.1,1560.39,11663.9102
1780724700000,2026-06-06 13:45:00,CRYPTO_ETH,1560.38,1569.17,1557.16,1566.71,11089.1931
1780725600000,2026-06-06 14:00:00,CRYPTO_ETH,1566.72,1577.72,1566.65,1576.25,11003.8256
1780726500000,2026-06-06 14:15:00,CRYPTO_ETH,1576.25,1581.62,1571.2,1574.73,8388.1663
1780727400000,2026-06-06 14:30:00,CRYPTO_ETH,1574.72,1578.9,1563.52,1563.53,7636.8363
1780728300000,2026-06-06 14:45:00,CRYPTO_ETH,1563.52,1566.84,1556.01,1560.16,11241.3572
1780729200000,2026-06-06 15:00:00,CRYPTO_ETH,1560.1,1575.5,1556.07,1574.45,10311.0097
1780730100000,2026-06-06 15:15:00,CRYPTO_ETH,1574.44,1580.22,1566.07,1567.99,9921.4769
1780731000000,2026-06-06 15:30:00,CRYPTO_ETH,1568.0,1577.63,1567.01,1576.85,7041.5317
1780731900000,2026-06-06 15:45:00,CRYPTO_ETH,1576.85,1578.37,1574.66,1575.14,2846.1493
1780732800000,2026-06-06 16:00:00,CRYPTO_ETH,1575.14,1578.97,1570.01,1578.3,2631.5624
1780733700000,2026-06-06 16:15:00,CRYPTO_ETH,1578.29,1588.32,1573.26,1585.85,5476.9119
1780734600000,2026-06-06 16:30:00,CRYPTO_ETH,1585.84,1593.04,1583.66,1587.61,5786.0793
1780735500000,2026-06-06 16:45:00,CRYPTO_ETH,1587.6,1588.24,1581.57,1582.57,3571.9813
1780736400000,2026-06-06 17:00:00,CRYPTO_ETH,1582.56,1587.2,1577.42,1580.93,4210.4812
1780737300000,2026-06-06 17:15:00,CRYPTO_ETH,1580.92,1587.64,1576.71,1587.17,4001.5893
1780738200000,2026-06-06 17:30:00,CRYPTO_ETH,1587.17,1588.53,1578.22,1579.47,3378.8262
1780739100000,2026-06-06 17:45:00,CRYPTO_ETH,1579.47,1580.68,1565.97,1570.69,6490.4635
1780740000000,2026-06-06 18:00:00,CRYPTO_ETH,1570.7,1570.7,1555.49,1556.36,10481.905
1780740900000,2026-06-06 18:15:00,CRYPTO_ETH,1556.36,1561.59,1552.71,1554.44,6115.1393
1780741800000,2026-06-06 18:30:00,CRYPTO_ETH,1554.44,1555.26,1536.44,1544.39,14938.8549
1780742700000,2026-06-06 18:45:00,CRYPTO_ETH,1544.4,1549.33,1535.68,1548.27,7723.457
1780743600000,2026-06-06 19:00:00,CRYPTO_ETH,1548.26,1557.42,1547.24,1554.64,5178.2179
1780744500000,2026-06-06 19:15:00,CRYPTO_ETH,1554.64,1564.92,1553.14,1564.21,8482.7383
1780745400000,2026-06-06 19:30:00,CRYPTO_ETH,1564.21,1566.21,1559.55,1560.78,4554.9227
1780746300000,2026-06-06 19:45:00,CRYPTO_ETH,1560.78,1567.4,1556.21,1558.89,3711.5999
1780747200000,2026-06-06 20:00:00,CRYPTO_ETH,1558.9,1565.86,1558.68,1563.78,5483.0123
1780748100000,2026-06-06 20:15:00,CRYPTO_ETH,1563.77,1565.17,1554.92,1554.92,6180.5334
1780749000000,2026-06-06 20:30:00,CRYPTO_ETH,1554.91,1563.54,1551.56,1562.21,4931.1728
1780749900000,2026-06-06 20:45:00,CRYPTO_ETH,1562.2,1575.82,1560.6,1571.32,9390.9965
1780750800000,2026-06-06 21:00:00,CRYPTO_ETH,1571.32,1573.36,1567.06,1568.36,2838.4977
1780751700000,2026-06-06 21:15:00,CRYPTO_ETH,1568.36,1571.77,1561.0,1561.78,6679.5768
1780752600000,2026-06-06 21:30:00,CRYPTO_ETH,1561.78,1563.96,1553.92,1563.83,16906.4597
1780753500000,2026-06-06 21:45:00,CRYPTO_ETH,1563.83,1567.91,1555.62,1557.03,6104.6847
1780754400000,2026-06-06 22:00:00,CRYPTO_ETH,1557.04,1563.97,1556.09,1561.11,8571.8145
1780755300000,2026-06-06 22:15:00,CRYPTO_ETH,1561.1,1566.43,1557.77,1561.04,5961.5264
1780756200000,2026-06-06 22:30:00,CRYPTO_ETH,1561.03,1565.34,1558.65,1563.42,5775.5111
1780757100000,2026-06-06 22:45:00,CRYPTO_ETH,1563.42,1566.96,1557.03,1557.7,6672.9719
1780758000000,2026-06-06 23:00:00,CRYPTO_ETH,1557.71,1561.52,1549.4,1551.81,7915.6113
1780758900000,2026-06-06 23:15:00,CRYPTO_ETH,1551.81,1558.12,1544.87,1555.79,7401.7676
1780759800000,2026-06-06 23:30:00,CRYPTO_ETH,1555.79,1564.99,1553.17,1563.6,4703.5206
1780760700000,2026-06-06 23:45:00,CRYPTO_ETH,1563.6,1565.84,1558.52,1560.45,2430.0316
1780761600000,2026-06-07 00:00:00,CRYPTO_ETH,1560.45,1565.81,1557.08,1560.74,3043.7131
1780762500000,2026-06-07 00:15:00,CRYPTO_ETH,1560.73,1561.85,1555.0,1556.47,3629.7889
1780763400000,2026-06-07 00:30:00,CRYPTO_ETH,1556.47,1562.47,1553.36,1561.8,4891.4286
1780764300000,2026-06-07 00:45:00,CRYPTO_ETH,1561.8,1566.0,1560.12,1563.57,3686.416
1780765200000,2026-06-07 01:00:00,CRYPTO_ETH,1563.58,1566.51,1558.14,1562.37,2474.9408
1780766100000,2026-06-07 01:15:00,CRYPTO_ETH,1562.36,1563.29,1556.72,1559.99,3584.8801
1780767000000,2026-06-07 01:30:00,CRYPTO_ETH,1560.0,1564.65,1551.81,1556.24,7173.1223
1780767900000,2026-06-07 01:45:00,CRYPTO_ETH,1556.23,1557.85,1547.05,1553.54,7371.7845
1780768800000,2026-06-07 02:00:00,CRYPTO_ETH,1553.53,1555.89,1550.01,1552.0,5093.1557
1780769700000,2026-06-07 02:15:00,CRYPTO_ETH,1552.0,1566.25,1550.54,1563.82,7244.8416
1780770600000,2026-06-07 02:30:00,CRYPTO_ETH,1563.81,1563.81,1556.06,1557.45,2079.8423
1780771500000,2026-06-07 02:45:00,CRYPTO_ETH,1557.46,1558.51,1552.65,1556.58,2178.5119
1780772400000,2026-06-07 03:00:00,CRYPTO_ETH,1556.59,1563.51,1554.93,1560.36,2832.6125
1780773300000,2026-06-07 03:15:00,CRYPTO_ETH,1560.35,1560.45,1555.88,1556.14,2029.028
1780774200000,2026-06-07 03:30:00,CRYPTO_ETH,1556.14,1557.02,1553.52,1555.25,1774.3816
1780775100000,2026-06-07 03:45:00,CRYPTO_ETH,1555.25,1558.35,1554.23,1554.56,1766.4668
1780776000000,2026-06-07 04:00:00,CRYPTO_ETH,1554.55,1556.14,1551.09,1553.12,2696.1294
1780776900000,2026-06-07 04:15:00,CRYPTO_ETH,1553.12,1555.12,1551.13,1552.65,2066.9419
1780777800000,2026-06-07 04:30:00,CRYPTO_ETH,1552.64,1559.54,1550.85,1559.3,4532.7902
1780778700000,2026-06-07 04:45:00,CRYPTO_ETH,1559.29,1559.99,1555.43,1557.61,1873.0889
1780779600000,2026-06-07 05:00:00,CRYPTO_ETH,1557.62,1563.14,1557.62,1561.0,3021.2017
1780780500000,2026-06-07 05:15:00,CRYPTO_ETH,1561.0,1564.12,1559.44,1561.52,2678.8488
1780781400000,2026-06-07 05:30:00,CRYPTO_ETH,1561.52,1565.21,1560.21,1561.18,1553.6136
1780782300000,2026-06-07 05:45:00,CRYPTO_ETH,1561.19,1562.55,1557.91,1558.2,1112.139
1780783200000,2026-06-07 06:00:00,CRYPTO_ETH,1558.2,1560.9,1553.21,1555.9,3377.8527
1780784100000,2026-06-07 06:15:00,CRYPTO_ETH,1555.91,1561.93,1551.57,1553.48,3260.5028
1780785000000,2026-06-07 06:30:00,CRYPTO_ETH,1553.48,1558.01,1553.22,1557.47,1716.1699
1780785900000,2026-06-07 06:45:00,CRYPTO_ETH,1557.48,1561.76,1557.48,1558.33,1704.7543
1780786800000,2026-06-07 07:00:00,CRYPTO_ETH,1558.33,1564.0,1558.0,1562.68,2017.092
1780787700000,2026-06-07 07:15:00,CRYPTO_ETH,1562.68,1562.68,1556.86,1560.62,1595.5086
1780788600000,2026-06-07 07:30:00,CRYPTO_ETH,1560.62,1569.71,1560.27,1567.71,6168.3897
1780789500000,2026-06-07 07:45:00,CRYPTO_ETH,1567.71,1570.06,1566.63,1569.69,2905.8184
1780790400000,2026-06-07 08:00:00,CRYPTO_ETH,1569.68,1572.42,1565.52,1566.07,2964.1319
1780791300000,2026-06-07 08:15:00,CRYPTO_ETH,1566.07,1569.46,1564.1,1566.53,1521.6154
1780792200000,2026-06-07 08:30:00,CRYPTO_ETH,1566.53,1572.09,1565.57,1565.75,2452.6472
1780793100000,2026-06-07 08:45:00,CRYPTO_ETH,1565.74,1567.36,1565.0,1565.03,1415.5284
1780794000000,2026-06-07 09:00:00,CRYPTO_ETH,1565.03,1587.68,1564.16,1586.63,6836.6974
1780794900000,2026-06-07 09:15:00,CRYPTO_ETH,1586.63,1596.54,1583.52,1596.16,9475.7201
1780795800000,2026-06-07 09:30:00,CRYPTO_ETH,1596.17,1596.35,1585.6,1588.99,3364.8033
1780796700000,2026-06-07 09:45:00,CRYPTO_ETH,1589.0,1592.12,1585.42,1590.12,3334.7038
1780797600000,2026-06-07 10:00:00,CRYPTO_ETH,1590.12,1593.89,1587.93,1589.72,2747.2674
1780798500000,2026-06-07 10:15:00,CRYPTO_ETH,1589.72,1589.86,1582.97,1585.25,2814.9302
1780799400000,2026-06-07 10:30:00,CRYPTO_ETH,1585.26,1586.82,1582.39,1586.82,2059.1138
1780800300000,2026-06-07 10:45:00,CRYPTO_ETH,1586.83,1594.92,1586.6,1592.67,5161.0541
1780801200000,2026-06-07 11:00:00,CRYPTO_ETH,1592.67,1593.6,1589.72,1593.51,2326.5704
1780802100000,2026-06-07 11:15:00,CRYPTO_ETH,1593.51,1600.51,1591.61,1595.91,4501.3701
1780803000000,2026-06-07 11:30:00,CRYPTO_ETH,1595.91,1597.99,1590.89,1594.72,2703.7117
1780803900000,2026-06-07 11:45:00,CRYPTO_ETH,1594.72,1595.5,1591.83,1595.01,3103.2518
1780804800000,2026-06-07 12:00:00,CRYPTO_ETH,1595.0,1595.67,1587.74,1589.33,3278.6597
1780805700000,2026-06-07 12:15:00,CRYPTO_ETH,1589.33,1591.13,1585.0,1586.81,2738.1425
1780806600000,2026-06-07 12:30:00,CRYPTO_ETH,1586.8,1599.1,1586.29,1596.06,2851.1004
1780807500000,2026-06-07 12:45:00,CRYPTO_ETH,1596.07,1598.24,1593.99,1597.0,3642.3221
1780808400000,2026-06-07 13:00:00,CRYPTO_ETH,1597.0,1606.88,1593.25,1600.17,5476.1947
1780809300000,2026-06-07 13:15:00,CRYPTO_ETH,1600.16,1609.96,1597.7,1603.63,7311.1563
1780810200000,2026-06-07 13:30:00,CRYPTO_ETH,1603.64,1608.42,1600.0,1608.06,3085.7274
1780811100000,2026-06-07 13:45:00,CRYPTO_ETH,1608.06,1608.16,1602.64,1604.02,2678.471
1780812000000,2026-06-07 14:00:00,CRYPTO_ETH,1604.02,1604.39,1598.54,1600.25,3276.6511
1780812900000,2026-06-07 14:15:00,CRYPTO_ETH,1600.25,1622.0,1598.58,1618.24,12713.5858
1780813800000,2026-06-07 14:30:00,CRYPTO_ETH,1618.23,1623.52,1613.22,1614.45,9294.2051
1780814700000,2026-06-07 14:45:00,CRYPTO_ETH,1614.45,1615.92,1610.69,1612.01,9893.4842
1780815600000,2026-06-07 15:00:00,CRYPTO_ETH,1612.01,1615.34,1606.99,1610.21,12126.1503
1780816500000,2026-06-07 15:15:00,CRYPTO_ETH,1610.21,1613.96,1608.42,1613.72,2919.1013
1780817400000,2026-06-07 15:30:00,CRYPTO_ETH,1613.72,1615.43,1610.36,1612.33,3454.3759
1780818300000,2026-06-07 15:45:00,CRYPTO_ETH,1612.33,1616.46,1611.19,1615.18,3732.8785
1780819200000,2026-06-07 16:00:00,CRYPTO_ETH,1615.18,1616.21,1608.39,1613.31,2642.3547
1780820100000,2026-06-07 16:15:00,CRYPTO_ETH,1613.32,1619.0,1610.08,1618.26,3061.1615
1780821000000,2026-06-07 16:30:00,CRYPTO_ETH,1618.27,1622.15,1615.48,1621.95,4525.7086
1780821900000,2026-06-07 16:45:00,CRYPTO_ETH,1621.94,1642.27,1621.74,1641.35,16832.1848
1780822800000,2026-06-07 17:00:00,CRYPTO_ETH,1641.35,1643.26,1637.03,1642.98,7053.4064
1780823700000,2026-06-07 17:15:00,CRYPTO_ETH,1642.98,1648.7,1636.3,1641.63,8586.251
1780824600000,2026-06-07 17:30:00,CRYPTO_ETH,1641.63,1641.64,1633.18,1634.28,3516.3113
1780825500000,2026-06-07 17:45:00,CRYPTO_ETH,1634.28,1636.67,1627.9,1633.52,4446.7188
1780826400000,2026-06-07 18:00:00,CRYPTO_ETH,1633.53,1634.92,1627.98,1628.89,2869.147
1780827300000,2026-06-07 18:15:00,CRYPTO_ETH,1628.9,1635.71,1628.75,1633.58,2348.9004
1780828200000,2026-06-07 18:30:00,CRYPTO_ETH,1633.57,1635.73,1628.63,1630.01,3763.8701
1780829100000,2026-06-07 18:45:00,CRYPTO_ETH,1630.01,1630.01,1624.78,1625.7,7282.3283
1780830000000,2026-06-07 19:00:00,CRYPTO_ETH,1625.7,1628.08,1622.22,1626.64,6101.4886
1780830900000,2026-06-07 19:15:00,CRYPTO_ETH,1626.64,1630.4,1625.59,1628.51,2343.6646
1780831800000,2026-06-07 19:30:00,CRYPTO_ETH,1628.51,1633.33,1626.01,1632.9,2245.2494
1780832700000,2026-06-07 19:45:00,CRYPTO_ETH,1632.9,1633.99,1629.35,1630.12,2186.547
1780833600000,2026-06-07 20:00:00,CRYPTO_ETH,1630.12,1631.24,1609.77,1612.92,7742.1432
1780834500000,2026-06-07 20:15:00,CRYPTO_ETH,1612.91,1618.42,1609.1,1610.93,6302.7062
1780835400000,2026-06-07 20:30:00,CRYPTO_ETH,1610.92,1618.0,1607.0,1616.02,8142.0813
1780836300000,2026-06-07 20:45:00,CRYPTO_ETH,1616.02,1622.37,1615.73,1620.17,3426.4352
1780837200000,2026-06-07 21:00:00,CRYPTO_ETH,1620.17,1621.34,1613.36,1620.59,3417.5382
1780838100000,2026-06-07 21:15:00,CRYPTO_ETH,1620.58,1623.0,1615.58,1621.21,2582.34
1780839000000,2026-06-07 21:30:00,CRYPTO_ETH,1621.21,1622.39,1615.57,1617.56,2236.7006
1780839900000,2026-06-07 21:45:00,CRYPTO_ETH,1617.56,1619.79,1615.0,1617.46,1974.9489
1780840800000,2026-06-07 22:00:00,CRYPTO_ETH,1617.46,1621.12,1616.91,1618.54,3673.51
1780841700000,2026-06-07 22:15:00,CRYPTO_ETH,1618.55,1633.69,1617.55,1630.47,8346.811
1780842600000,2026-06-07 22:30:00,CRYPTO_ETH,1630.46,1640.0,1625.0,1626.34,8158.3761
1780843500000,2026-06-07 22:45:00,CRYPTO_ETH,1626.35,1628.61,1621.76,1628.13,3095.0709
1780844400000,2026-06-07 23:00:00,CRYPTO_ETH,1628.12,1628.12,1620.85,1627.15,2933.8353
1780845300000,2026-06-07 23:15:00,CRYPTO_ETH,1627.15,1632.33,1623.48,1632.02,3680.5385
1780846200000,2026-06-07 23:30:00,CRYPTO_ETH,1632.02,1636.12,1629.98,1632.78,4507.3426
1780847100000,2026-06-07 23:45:00,CRYPTO_ETH,1632.78,1633.05,1627.04,1630.07,2815.4117
1780848000000,2026-06-08 00:00:00,CRYPTO_ETH,1630.07,1631.13,1623.37,1630.25,4369.7782
1780848900000,2026-06-08 00:15:00,CRYPTO_ETH,1630.26,1633.0,1627.29,1628.26,4258.0915
1780849800000,2026-06-08 00:30:00,CRYPTO_ETH,1628.25,1631.99,1627.51,1629.62,2347.8627
1780850700000,2026-06-08 00:45:00,CRYPTO_ETH,1629.62,1633.52,1625.82,1628.52,2476.1394
1780851600000,2026-06-08 01:00:00,CRYPTO_ETH,1628.52,1636.7,1627.65,1635.25,3503.899
1780852500000,2026-06-08 01:15:00,CRYPTO_ETH,1635.26,1637.56,1632.87,1635.33,6489.6884
1780853400000,2026-06-08 01:30:00,CRYPTO_ETH,1635.33,1638.0,1633.05,1633.63,4228.7715
1780854300000,2026-06-08 01:45:00,CRYPTO_ETH,1633.62,1633.64,1629.01,1631.35,2574.9702
1780855200000,2026-06-08 02:00:00,CRYPTO_ETH,1631.34,1635.54,1630.35,1634.83,1388.6677
1780856100000,2026-06-08 02:15:00,CRYPTO_ETH,1634.84,1634.98,1629.0,1633.11,1400.9483
1780857000000,2026-06-08 02:30:00,CRYPTO_ETH,1633.11,1636.74,1633.03,1634.26,1754.1073
1780857900000,2026-06-08 02:45:00,CRYPTO_ETH,1634.25,1635.82,1629.46,1630.36,1561.0433
1780858800000,2026-06-08 03:00:00,CRYPTO_ETH,1630.37,1630.56,1613.78,1616.73,6731.0026
1780859700000,2026-06-08 03:15:00,CRYPTO_ETH,1616.73,1616.73,1604.0,1611.07,9942.1812
1780860600000,2026-06-08 03:30:00,CRYPTO_ETH,1611.07,1611.93,1607.13,1607.88,3276.8168
1780861500000,2026-06-08 03:45:00,CRYPTO_ETH,1607.88,1617.65,1605.36,1613.11,3900.4783
1780862400000,2026-06-08 04:00:00,CRYPTO_ETH,1613.1,1623.01,1609.43,1620.96,3154.2624
1780863300000,2026-06-08 04:15:00,CRYPTO_ETH,1620.96,1631.65,1618.32,1624.93,4139.0006
1780864200000,2026-06-08 04:30:00,CRYPTO_ETH,1624.94,1627.1,1622.6,1624.71,1765.4967
1780865100000,2026-06-08 04:45:00,CRYPTO_ETH,1624.7,1630.77,1624.2,1628.14,1881.4072
1780866000000,2026-06-08 05:00:00,CRYPTO_ETH,1628.14,1632.34,1623.72,1630.85,1887.7289
1780866900000,2026-06-08 05:15:00,CRYPTO_ETH,1630.85,1631.75,1627.2,1628.36,2113.7768
1780867800000,2026-06-08 05:30:00,CRYPTO_ETH,1628.36,1630.5,1625.21,1625.72,1580.0113
1780868700000,2026-06-08 05:45:00,CRYPTO_ETH,1625.72,1634.57,1625.72,1634.53,1711.7315
1780869600000,2026-06-08 06:00:00,CRYPTO_ETH,1634.53,1707.42,1629.05,1700.95,24840.645
1780870500000,2026-06-08 06:15:00,CRYPTO_ETH,1701.46,1721.93,1669.68,1676.15,21717.4116
1780871400000,2026-06-08 06:30:00,CRYPTO_ETH,1676.15,1689.55,1669.75,1681.98,6960.273
1780872300000,2026-06-08 06:45:00,CRYPTO_ETH,1682.0,1687.0,1671.49,1672.56,6815.6642
1780873200000,2026-06-08 07:00:00,CRYPTO_ETH,1672.55,1681.27,1670.76,1680.14,6352.8098
1780874100000,2026-06-08 07:15:00,CRYPTO_ETH,1680.15,1685.48,1672.36,1685.2,5024.3933
1780875000000,2026-06-08 07:30:00,CRYPTO_ETH,1685.19,1685.44,1679.03,1684.7,2370.6083
1780875900000,2026-06-08 07:45:00,CRYPTO_ETH,1684.69,1691.93,1680.32,1690.51,7664.5184
1780876800000,2026-06-08 08:00:00,CRYPTO_ETH,1690.5,1691.84,1683.24,1686.75,4234.5493
1780877700000,2026-06-08 08:15:00,CRYPTO_ETH,1686.75,1698.48,1683.94,1698.47,6467.2929
1780878600000,2026-06-08 08:30:00,CRYPTO_ETH,1698.48,1711.58,1694.76,1702.68,10626.5635
1780879500000,2026-06-08 08:45:00,CRYPTO_ETH,1702.68,1707.73,1693.75,1697.59,7126.4828
1780880400000,2026-06-08 09:00:00,CRYPTO_ETH,1697.6,1700.2,1683.34,1683.34,6676.1634
1780881300000,2026-06-08 09:15:00,CRYPTO_ETH,1683.35,1684.05,1673.04,1674.68,7284.719
1780882200000,2026-06-08 09:30:00,CRYPTO_ETH,1674.69,1684.0,1670.94,1683.22,5104.6556
1780883100000,2026-06-08 09:45:00,CRYPTO_ETH,1683.23,1688.4,1680.0,1687.34,4325.6078
1780884000000,2026-06-08 10:00:00,CRYPTO_ETH,1687.34,1689.5,1680.62,1685.61,2937.4641
1780884900000,2026-06-08 10:15:00,CRYPTO_ETH,1685.6,1688.06,1679.84,1685.22,3097.7718
1780885800000,2026-06-08 10:30:00,CRYPTO_ETH,1685.22,1686.92,1678.07,1684.01,3796.8502
1780886700000,2026-06-08 10:45:00,CRYPTO_ETH,1684.01,1685.07,1679.92,1683.9,2484.8393
1780887600000,2026-06-08 11:00:00,CRYPTO_ETH,1683.91,1692.62,1678.85,1688.06,3799.0153
1780888500000,2026-06-08 11:15:00,CRYPTO_ETH,1688.05,1688.62,1680.56,1680.94,2561.3322
1780889400000,2026-06-08 11:30:00,CRYPTO_ETH,1680.93,1683.41,1677.26,1678.66,2507.3699
1780890300000,2026-06-08 11:45:00,CRYPTO_ETH,1678.67,1680.38,1677.0,1680.01,1439.3614
1780891200000,2026-06-08 12:00:00,CRYPTO_ETH,1680.02,1681.0,1665.04,1669.21,5630.0974
1780892100000,2026-06-08 12:15:00,CRYPTO_ETH,1669.21,1670.0,1662.71,1666.86,3367.2044
1780893000000,2026-06-08 12:30:00,CRYPTO_ETH,1666.86,1668.22,1655.95,1657.26,5901.6114
1780893900000,2026-06-08 12:45:00,CRYPTO_ETH,1657.25,1664.54,1657.05,1657.05,4102.9477
1780894800000,2026-06-08 13:00:00,CRYPTO_ETH,1657.05,1659.87,1648.31,1649.09,6257.3489
1780895700000,2026-06-08 13:15:00,CRYPTO_ETH,1649.1,1658.57,1647.11,1656.86,5170.44
1780896600000,2026-06-08 13:30:00,CRYPTO_ETH,1656.86,1656.97,1645.0,1647.5,3577.9229
1780897500000,2026-06-08 13:45:00,CRYPTO_ETH,1647.5,1654.0,1647.02,1653.68,2364.174
1780898400000,2026-06-08 14:00:00,CRYPTO_ETH,1653.68,1664.65,1652.78,1663.63,4739.2224
1780899300000,2026-06-08 14:15:00,CRYPTO_ETH,1663.63,1669.99,1660.73,1667.92,5042.5887
1780900200000,2026-06-08 14:30:00,CRYPTO_ETH,1667.92,1668.15,1662.48,1666.89,2057.3107
1780901100000,2026-06-08 14:45:00,CRYPTO_ETH,1666.89,1667.66,1663.78,1666.53,1500.5352
1780902000000,2026-06-08 15:00:00,CRYPTO_ETH,1666.54,1672.78,1661.63,1668.56,3366.5738
1780902900000,2026-06-08 15:15:00,CRYPTO_ETH,1668.57,1676.5,1665.47,1673.61,5087.991
1780903800000,2026-06-08 15:30:00,CRYPTO_ETH,1673.61,1682.07,1671.56,1672.34,6456.372
1780904700000,2026-06-08 15:45:00,CRYPTO_ETH,1672.34,1683.49,1671.49,1673.47,9059.6788
1780905600000,2026-06-08 16:00:00,CRYPTO_ETH,1673.46,1673.46,1665.21,1669.39,6839.2083
1780906500000,2026-06-08 16:15:00,CRYPTO_ETH,1669.39,1670.42,1662.67,1667.06,3861.9915
1780907400000,2026-06-08 16:30:00,CRYPTO_ETH,1667.07,1669.7,1663.11,1665.32,2738.539
1780908300000,2026-06-08 16:45:00,CRYPTO_ETH,1665.32,1665.78,1658.76,1661.17,4684.6883
1780909200000,2026-06-08 17:00:00,CRYPTO_ETH,1661.17,1666.2,1657.69,1665.07,4473.4653
1780910100000,2026-06-08 17:15:00,CRYPTO_ETH,1665.06,1671.5,1662.03,1662.83,3964.4839
1780911000000,2026-06-08 17:30:00,CRYPTO_ETH,1662.84,1667.09,1657.21,1663.32,5899.5077
1780911900000,2026-06-08 17:45:00,CRYPTO_ETH,1663.31,1672.0,1662.61,1671.1,4241.0034
1780912800000,2026-06-08 18:00:00,CRYPTO_ETH,1671.09,1672.7,1667.47,1669.79,2693.4837
1780913700000,2026-06-08 18:15:00,CRYPTO_ETH,1669.79,1670.44,1663.93,1665.53,2107.9038
1780914600000,2026-06-08 18:30:00,CRYPTO_ETH,1665.53,1676.95,1663.32,1671.65,4851.2272
1780915500000,2026-06-08 18:45:00,CRYPTO_ETH,1671.64,1672.97,1669.3,1672.36,2126.5868
1780916400000,2026-06-08 19:00:00,CRYPTO_ETH,1672.37,1681.59,1667.81,1681.44,6932.1611
1780917300000,2026-06-08 19:15:00,CRYPTO_ETH,1681.43,1695.44,1680.7,1688.77,8595.6362
1780918200000,2026-06-08 19:30:00,CRYPTO_ETH,1688.77,1696.77,1685.0,1688.8,6313.739
1780919100000,2026-06-08 19:45:00,CRYPTO_ETH,1688.81,1689.47,1681.9,1683.76,3421.7767
1780920000000,2026-06-08 20:00:00,CRYPTO_ETH,1683.77,1689.51,1667.46,1668.37,10642.5482
1780920900000,2026-06-08 20:15:00,CRYPTO_ETH,1668.37,1679.53,1668.29,1679.41,6579.04
1780921800000,2026-06-08 20:30:00,CRYPTO_ETH,1679.41,1695.84,1678.09,1692.6,7442.2363
1780922700000,2026-06-08 20:45:00,CRYPTO_ETH,1692.6,1698.9,1687.77,1695.61,5830.0618
1780923600000,2026-06-08 21:00:00,CRYPTO_ETH,1695.6,1696.36,1690.58,1691.99,3464.4515
1780924500000,2026-06-08 21:15:00,CRYPTO_ETH,1691.99,1696.82,1687.08,1688.89,5028.1848
1780925400000,2026-06-08 21:30:00,CRYPTO_ETH,1688.88,1692.55,1681.29,1682.95,16997.9389
1780926300000,2026-06-08 21:45:00,CRYPTO_ETH,1682.96,1689.66,1678.44,1681.59,11414.6431
1780927200000,2026-06-08 22:00:00,CRYPTO_ETH,1681.59,1689.16,1676.55,1687.31,6620.9838
1780928100000,2026-06-08 22:15:00,CRYPTO_ETH,1687.3,1687.84,1680.72,1684.75,6291.9039
1780929000000,2026-06-08 22:30:00,CRYPTO_ETH,1684.75,1689.85,1682.54,1686.73,5968.6237
1780929900000,2026-06-08 22:45:00,CRYPTO_ETH,1686.74,1694.46,1683.6,1691.25,16498.4353
1780930800000,2026-06-08 23:00:00,CRYPTO_ETH,1691.24,1705.26,1690.82,1704.08,8083.3667
1780931700000,2026-06-08 23:15:00,CRYPTO_ETH,1704.08,1706.22,1694.25,1695.71,7590.7194
1780932600000,2026-06-08 23:30:00,CRYPTO_ETH,1695.72,1696.19,1690.02,1694.19,5142.0095
1780933500000,2026-06-08 23:45:00,CRYPTO_ETH,1694.19,1700.64,1688.69,1691.59,5610.1515
1780934400000,2026-06-09 00:00:00,CRYPTO_ETH,1691.59,1698.32,1687.97,1695.13,3650.8799
1780935300000,2026-06-09 00:15:00,CRYPTO_ETH,1695.13,1703.88,1695.12,1697.57,7617.01
1780936200000,2026-06-09 00:30:00,CRYPTO_ETH,1697.58,1697.74,1690.49,1692.78,5272.5996
1780937100000,2026-06-09 00:45:00,CRYPTO_ETH,1692.77,1693.36,1682.69,1682.7,5395.1356
1780938000000,2026-06-09 01:00:00,CRYPTO_ETH,1682.7,1684.36,1675.8,1678.64,7238.7577
1780938900000,2026-06-09 01:15:00,CRYPTO_ETH,1678.64,1687.86,1678.64,1686.67,4194.5855
1780939800000,2026-06-09 01:30:00,CRYPTO_ETH,1686.67,1686.7,1677.42,1680.59,3703.027
1780940700000,2026-06-09 01:45:00,CRYPTO_ETH,1680.58,1686.89,1680.41,1686.8,3164.0065
1780941600000,2026-06-09 02:00:00,CRYPTO_ETH,1686.81,1692.54,1685.82,1687.82,3843.4309
1780942500000,2026-06-09 02:15:00,CRYPTO_ETH,1687.82,1688.79,1684.81,1688.06,2446.3585
1780943400000,2026-06-09 02:30:00,CRYPTO_ETH,1688.06,1690.08,1681.1,1683.54,3348.1621
1780944300000,2026-06-09 02:45:00,CRYPTO_ETH,1683.54,1686.64,1678.69,1684.71,2585.9721
1780945200000,2026-06-09 03:00:00,CRYPTO_ETH,1684.71,1688.83,1681.14,1684.17,4478.5862
1780946100000,2026-06-09 03:15:00,CRYPTO_ETH,1684.16,1690.45,1681.77,1687.51,5109.5365
1780947000000,2026-06-09 03:30:00,CRYPTO_ETH,1687.52,1690.32,1685.0,1689.2,4118.2998
1780947900000,2026-06-09 03:45:00,CRYPTO_ETH,1689.21,1691.76,1682.97,1684.78,6474.7237
1780948800000,2026-06-09 04:00:00,CRYPTO_ETH,1684.78,1688.79,1681.41,1682.94,2923.1418
1780949700000,2026-06-09 04:15:00,CRYPTO_ETH,1682.95,1685.98,1679.28,1679.63,3483.3555
1780950600000,2026-06-09 04:30:00,CRYPTO_ETH,1679.62,1689.15,1679.25,1687.01,2084.5305
1780951500000,2026-06-09 04:45:00,CRYPTO_ETH,1687.01,1689.71,1686.0,1689.71,2271.7513
1780952400000,2026-06-09 05:00:00,CRYPTO_ETH,1689.71,1714.05,1689.71,1709.17,9806.9526
1780953300000,2026-06-09 05:15:00,CRYPTO_ETH,1709.17,1712.91,1705.05,1709.44,3873.6355
1780954200000,2026-06-09 05:30:00,CRYPTO_ETH,1709.44,1714.5,1707.72,1714.08,2912.4103
1780955100000,2026-06-09 05:45:00,CRYPTO_ETH,1714.08,1714.15,1703.51,1703.52,2627.6615
1780956000000,2026-06-09 06:00:00,CRYPTO_ETH,1703.51,1703.51,1691.0,1691.28,4333.4744
1780956900000,2026-06-09 06:15:00,CRYPTO_ETH,1691.28,1697.12,1688.36,1694.96,2866.6338
1780957800000,2026-06-09 06:30:00,CRYPTO_ETH,1694.96,1697.21,1692.0,1696.64,2032.6762
1780958700000,2026-06-09 06:45:00,CRYPTO_ETH,1696.63,1704.19,1695.16,1703.22,1651.0814
1780959600000,2026-06-09 07:00:00,CRYPTO_ETH,1703.21,1714.45,1702.38,1712.19,3164.489
1780960500000,2026-06-09 07:15:00,CRYPTO_ETH,1712.18,1712.19,1694.87,1697.66,2664.195
1780961400000,2026-06-09 07:30:00,CRYPTO_ETH,1697.65,1700.09,1693.21,1696.82,1731.8069
1780962300000,2026-06-09 07:45:00,CRYPTO_ETH,1696.83,1696.89,1686.72,1690.49,7855.6867
1780963200000,2026-06-09 08:00:00,CRYPTO_ETH,1690.48,1692.04,1683.92,1685.68,3846.4154
1780964100000,2026-06-09 08:15:00,CRYPTO_ETH,1685.68,1696.88,1672.64,1675.52,10342.6562
1780965000000,2026-06-09 08:30:00,CRYPTO_ETH,1675.53,1676.91,1664.53,1672.03,7090.6651
1780965900000,2026-06-09 08:45:00,CRYPTO_ETH,1672.04,1672.1,1660.0,1663.26,7423.7215
1780966800000,2026-06-09 09:00:00,CRYPTO_ETH,1663.26,1667.88,1658.8,1664.27,4869.9538
1780967700000,2026-06-09 09:15:00,CRYPTO_ETH,1664.27,1673.92,1663.53,1670.32,3638.6987
1780968600000,2026-06-09 09:30:00,CRYPTO_ETH,1670.32,1674.27,1667.65,1669.63,1673.1306
1780969500000,2026-06-09 09:45:00,CRYPTO_ETH,1669.64,1672.48,1666.51,1669.02,1452.0251
1780970400000,2026-06-09 10:00:00,CRYPTO_ETH,1669.01,1672.19,1667.43,1667.44,1921.1148
1780971300000,2026-06-09 10:15:00,CRYPTO_ETH,1667.43,1667.52,1660.89,1665.37,5094.3384
1780972200000,2026-06-09 10:30:00,CRYPTO_ETH,1665.36,1666.84,1654.63,1661.74,4512.7165
1780973100000,2026-06-09 10:45:00,CRYPTO_ETH,1661.74,1668.56,1659.67,1667.89,5083.9276
1780974000000,2026-06-09 11:00:00,CRYPTO_ETH,1667.88,1669.5,1665.18,1668.9,2487.9807
1780974900000,2026-06-09 11:15:00,CRYPTO_ETH,1668.9,1671.68,1666.96,1668.65,2203.7817
1780975800000,2026-06-09 11:30:00,CRYPTO_ETH,1668.65,1670.1,1663.83,1668.49,1890.0485
1780976700000,2026-06-09 11:45:00,CRYPTO_ETH,1668.49,1670.03,1665.19,1669.44,2085.3338
1780977600000,2026-06-09 12:00:00,CRYPTO_ETH,1669.44,1672.47,1665.01,1669.96,2582.5905
1780978500000,2026-06-09 12:15:00,CRYPTO_ETH,1669.95,1670.37,1666.04,1666.18,2087.2938
1780979400000,2026-06-09 12:30:00,CRYPTO_ETH,1666.18,1691.41,1664.33,1685.79,7664.8324
1780980300000,2026-06-09 12:45:00,CRYPTO_ETH,1685.78,1696.41,1683.41,1686.35,5332.2124
1780981200000,2026-06-09 13:00:00,CRYPTO_ETH,1686.36,1688.88,1681.53,1687.47,2208.489
1780982100000,2026-06-09 13:15:00,CRYPTO_ETH,1687.47,1691.63,1687.15,1687.96,2816.8463
1780983000000,2026-06-09 13:30:00,CRYPTO_ETH,1687.98,1695.23,1686.89,1690.65,3144.7414
1780983900000,2026-06-09 13:45:00,CRYPTO_ETH,1690.64,1692.54,1687.44,1688.25,2280.9424
1780984800000,2026-06-09 14:00:00,CRYPTO_ETH,1688.25,1691.0,1685.74,1689.26,3135.1367
1780985700000,2026-06-09 14:15:00,CRYPTO_ETH,1689.26,1695.49,1687.8,1692.61,4523.1343
1780986600000,2026-06-09 14:30:00,CRYPTO_ETH,1692.62,1693.51,1687.49,1688.66,2115.1121
1780987500000,2026-06-09 14:45:00,CRYPTO_ETH,1688.65,1690.49,1684.06,1685.98,2522.7757
1780988400000,2026-06-09 15:00:00,CRYPTO_ETH,1685.99,1691.59,1685.99,1686.43,1443.003
1780989300000,2026-06-09 15:15:00,CRYPTO_ETH,1686.42,1689.95,1675.2,1675.89,5751.3743
1780990200000,2026-06-09 15:30:00,CRYPTO_ETH,1675.9,1681.74,1675.9,1681.23,4312.2092
1780991100000,2026-06-09 15:45:00,CRYPTO_ETH,1681.23,1681.9,1677.67,1679.86,3774.3375
1780992000000,2026-06-09 16:00:00,CRYPTO_ETH,1679.86,1680.64,1668.16,1675.43,7604.8821
1780992900000,2026-06-09 16:15:00,CRYPTO_ETH,1675.43,1677.29,1671.35,1674.98,1686.9511
1780993800000,2026-06-09 16:30:00,CRYPTO_ETH,1674.97,1679.51,1673.77,1677.87,1727.7279
1780994700000,2026-06-09 16:45:00,CRYPTO_ETH,1677.87,1679.25,1674.42,1675.28,2014.1094
1780995600000,2026-06-09 17:00:00,CRYPTO_ETH,1675.28,1677.23,1672.99,1677.09,1153.7102
1780996500000,2026-06-09 17:15:00,CRYPTO_ETH,1677.09,1680.16,1675.0,1675.0,2407.0554
1780997400000,2026-06-09 17:30:00,CRYPTO_ETH,1675.01,1675.12,1665.0,1669.21,4624.7514
1780998300000,2026-06-09 17:45:00,CRYPTO_ETH,1669.22,1671.3,1669.11,1670.61,1792.2295
1780999200000,2026-06-09 18:00:00,CRYPTO_ETH,1670.6,1673.42,1667.11,1672.89,3728.3787
1781000100000,2026-06-09 18:15:00,CRYPTO_ETH,1672.9,1674.68,1670.56,1673.29,1331.3265
1781001000000,2026-06-09 18:30:00,CRYPTO_ETH,1673.29,1673.54,1669.15,1671.64,910.7189
1781001900000,2026-06-09 18:45:00,CRYPTO_ETH,1671.64,1676.41,1670.16,1674.72,2315.2942
1781002800000,2026-06-09 19:00:00,CRYPTO_ETH,1674.72,1675.46,1668.58,1668.59,2061.4535
1781003700000,2026-06-09 19:15:00,CRYPTO_ETH,1668.59,1670.09,1666.12,1668.73,1310.7355
1781004600000,2026-06-09 19:30:00,CRYPTO_ETH,1668.72,1672.92,1667.43,1671.21,1395.562
1781005500000,2026-06-09 19:45:00,CRYPTO_ETH,1671.2,1673.68,1669.14,1671.96,2974.6759
1781006400000,2026-06-09 20:00:00,CRYPTO_ETH,1671.96,1683.32,1671.04,1681.52,7172.6111
1781007300000,2026-06-09 20:15:00,CRYPTO_ETH,1681.51,1681.75,1675.86,1677.1,1903.8331
1781008200000,2026-06-09 20:30:00,CRYPTO_ETH,1677.1,1679.09,1673.98,1674.04,1487.2405
1781009100000,2026-06-09 20:45:00,CRYPTO_ETH,1674.05,1678.07,1671.58,1676.9,5051.9467
1781010000000,2026-06-09 21:00:00,CRYPTO_ETH,1676.9,1680.63,1674.93,1675.88,3997.5519
1781010900000,2026-06-09 21:15:00,CRYPTO_ETH,1675.88,1676.86,1667.37,1670.57,4571.8029
1781011800000,2026-06-09 21:30:00,CRYPTO_ETH,1670.56,1675.77,1664.05,1673.13,7585.1713
1781012700000,2026-06-09 21:45:00,CRYPTO_ETH,1673.13,1678.47,1666.58,1666.71,6371.6444
1781013600000,2026-06-09 22:00:00,CRYPTO_ETH,1666.71,1670.84,1656.58,1657.04,9297.7035
1781014500000,2026-06-09 22:15:00,CRYPTO_ETH,1657.04,1659.68,1638.52,1639.58,15905.3665
1781015400000,2026-06-09 22:30:00,CRYPTO_ETH,1639.56,1646.19,1635.36,1636.98,9902.1092
1781016300000,2026-06-09 22:45:00,CRYPTO_ETH,1636.98,1646.03,1633.84,1645.9,8835.1393
1781017200000,2026-06-09 23:00:00,CRYPTO_ETH,1645.9,1653.89,1641.34,1651.36,9009.9346
1781018100000,2026-06-09 23:15:00,CRYPTO_ETH,1651.35,1653.02,1639.36,1639.95,5555.5307
1781019000000,2026-06-09 23:30:00,CRYPTO_ETH,1639.94,1645.0,1637.08,1641.28,6815.9797
1781019900000,2026-06-09 23:45:00,CRYPTO_ETH,1641.29,1644.3,1634.45,1636.4,6287.3361
1781020800000,2026-06-10 00:00:00,CRYPTO_ETH,1636.4,1639.35,1625.36,1629.37,10180.7218
1781021700000,2026-06-10 00:15:00,CRYPTO_ETH,1629.37,1633.44,1622.36,1630.47,7407.8169
1781022600000,2026-06-10 00:30:00,CRYPTO_ETH,1630.46,1635.25,1614.02,1628.76,12205.8227
1781023500000,2026-06-10 00:45:00,CRYPTO_ETH,1628.75,1634.57,1624.72,1632.27,6586.7087
1781024400000,2026-06-10 01:00:00,CRYPTO_ETH,1632.28,1644.69,1632.18,1641.52,7062.614
1781025300000,2026-06-10 01:15:00,CRYPTO_ETH,1641.51,1649.76,1640.86,1645.03,5653.4058
1781026200000,2026-06-10 01:30:00,CRYPTO_ETH,1645.03,1649.2,1642.68,1643.84,3616.5028
1781027100000,2026-06-10 01:45:00,CRYPTO_ETH,1643.85,1646.05,1639.51,1643.04,3366.7144
1781028000000,2026-06-10 02:00:00,CRYPTO_ETH,1643.03,1647.31,1639.87,1645.61,3529.6376
1781028900000,2026-06-10 02:15:00,CRYPTO_ETH,1645.6,1655.49,1644.35,1648.93,5049.7094
1781029800000,2026-06-10 02:30:00,CRYPTO_ETH,1648.93,1653.32,1646.74,1646.98,2038.0847
1781030700000,2026-06-10 02:45:00,CRYPTO_ETH,1646.99,1653.65,1646.99,1652.28,1322.6878
1781031600000,2026-06-10 03:00:00,CRYPTO_ETH,1652.27,1655.3,1648.9,1649.43,2083.8827
1781032500000,2026-06-10 03:15:00,CRYPTO_ETH,1649.44,1653.08,1648.24,1652.24,2565.7748
1781033400000,2026-06-10 03:30:00,CRYPTO_ETH,1652.24,1658.5,1648.0,1652.65,5427.2389
1781034300000,2026-06-10 03:45:00,CRYPTO_ETH,1652.65,1658.64,1647.82,1657.33,3724.9132
1781035200000,2026-06-10 04:00:00,CRYPTO_ETH,1657.33,1662.28,1655.5,1662.27,3433.3105
1781036100000,2026-06-10 04:15:00,CRYPTO_ETH,1662.27,1663.77,1655.99,1658.33,1467.0364
1781037000000,2026-06-10 04:30:00,CRYPTO_ETH,1658.32,1662.73,1655.34,1660.5,1509.1889
1781037900000,2026-06-10 04:45:00,CRYPTO_ETH,1660.51,1660.81,1658.21,1660.59,1486.8326
1781038800000,2026-06-10 05:00:00,CRYPTO_ETH,1660.59,1661.69,1657.94,1659.75,1428.2119
1781039700000,2026-06-10 05:15:00,CRYPTO_ETH,1659.76,1660.22,1650.96,1651.39,2585.0703
1781040600000,2026-06-10 05:30:00,CRYPTO_ETH,1651.4,1653.18,1650.06,1650.85,1255.8261
1781041500000,2026-06-10 05:45:00,CRYPTO_ETH,1650.85,1652.24,1647.29,1650.33,1384.6247
1781042400000,2026-06-10 06:00:00,CRYPTO_ETH,1650.32,1652.36,1645.41,1652.27,1352.9648
1781043300000,2026-06-10 06:15:00,CRYPTO_ETH,1652.26,1655.0,1647.53,1648.44,1453.3359
1781044200000,2026-06-10 06:30:00,CRYPTO_ETH,1648.44,1650.95,1644.6,1646.02,1677.745
1781045100000,2026-06-10 06:45:00,CRYPTO_ETH,1646.02,1646.92,1639.52,1640.0,2149.831
1781046000000,2026-06-10 07:00:00,CRYPTO_ETH,1640.01,1641.88,1636.24,1639.05,1920.2412
1781046900000,2026-06-10 07:15:00,CRYPTO_ETH,1639.05,1642.87,1635.01,1635.47,3219.1848
1781047800000,2026-06-10 07:30:00,CRYPTO_ETH,1635.47,1637.35,1630.36,1637.32,3451.3615
1781048700000,2026-06-10 07:45:00,CRYPTO_ETH,1637.33,1641.2,1636.01,1639.52,2448.23
1781049600000,2026-06-10 08:00:00,CRYPTO_ETH,1639.52,1645.12,1638.23,1642.59,2097.1929
1781050500000,2026-06-10 08:15:00,CRYPTO_ETH,1642.59,1643.99,1638.94,1643.5,879.233
1781051400000,2026-06-10 08:30:00,CRYPTO_ETH,1643.5,1644.09,1629.52,1632.33,2315.6168
1781052300000,2026-06-10 08:45:00,CRYPTO_ETH,1632.33,1646.83,1631.25,1645.74,2826.1701
1781053200000,2026-06-10 09:00:00,CRYPTO_ETH,1645.75,1646.91,1638.78,1642.88,2343.2955
1781054100000,2026-06-10 09:15:00,CRYPTO_ETH,1642.88,1645.78,1640.56,1642.27,2072.4598
1781055000000,2026-06-10 09:30:00,CRYPTO_ETH,1642.26,1643.88,1633.55,1635.18,1689.0428
1781055900000,2026-06-10 09:45:00,CRYPTO_ETH,1635.19,1642.23,1634.41,1638.98,1071.9589
1781056800000,2026-06-10 10:00:00,CRYPTO_ETH,1638.99,1642.5,1633.92,1634.02,1223.1528
1781057700000,2026-06-10 10:15:00,CRYPTO_ETH,1634.03,1634.57,1625.5,1631.33,3109.8993
1781058600000,2026-06-10 10:30:00,CRYPTO_ETH,1631.33,1632.59,1622.51,1625.58,2791.0817
1781059500000,2026-06-10 10:45:00,CRYPTO_ETH,1625.58,1626.15,1621.77,1624.22,1092.4047
1781060400000,2026-06-10 11:00:00,CRYPTO_ETH,1624.21,1630.0,1623.52,1628.22,1264.3454
1781061300000,2026-06-10 11:15:00,CRYPTO_ETH,1628.22,1636.53,1626.11,1636.32,1508.9715
1781062200000,2026-06-10 11:30:00,CRYPTO_ETH,1636.32,1636.42,1629.15,1631.09,988.1779
1781063100000,2026-06-10 11:45:00,CRYPTO_ETH,1631.09,1632.99,1629.03,1630.82,662.831
1781064000000,2026-06-10 12:00:00,CRYPTO_ETH,1630.82,1631.59,1626.22,1630.25,938.3578
1781064900000,2026-06-10 12:15:00,CRYPTO_ETH,1630.26,1632.92,1629.09,1630.46,760.9821
1781065800000,2026-06-10 12:30:00,CRYPTO_ETH,1630.47,1630.47,1622.45,1624.3,1817.3545
1781066700000,2026-06-10 12:45:00,CRYPTO_ETH,1624.31,1627.95,1623.07,1625.98,1074.6336
1781067600000,2026-06-10 13:00:00,CRYPTO_ETH,1625.99,1627.96,1621.77,1622.48,1246.3951
1781068500000,2026-06-10 13:15:00,CRYPTO_ETH,1622.48,1626.0,1616.33,1625.99,3428.6593
1781069400000,2026-06-10 13:30:00,CRYPTO_ETH,1626.0,1627.14,1621.77,1625.28,1764.4408
1781070300000,2026-06-10 13:45:00,CRYPTO_ETH,1625.29,1630.0,1622.23,1627.99,1563.3123
1781071200000,2026-06-10 14:00:00,CRYPTO_ETH,1628.0,1630.75,1625.96,1628.71,2364.5361
1781072100000,2026-06-10 14:15:00,CRYPTO_ETH,1628.7,1632.0,1627.45,1628.84,1948.4378
1781073000000,2026-06-10 14:30:00,CRYPTO_ETH,1628.83,1633.32,1622.76,1631.49,2486.3221
1781073900000,2026-06-10 14:45:00,CRYPTO_ETH,1631.49,1634.41,1630.0,1632.08,1242.4966
1781074800000,2026-06-10 15:00:00,CRYPTO_ETH,1632.08,1635.24,1630.73,1633.82,1704.9354
1781075700000,2026-06-10 15:15:00,CRYPTO_ETH,1633.82,1638.69,1633.01,1636.78,2454.8044
1781076600000,2026-06-10 15:30:00,CRYPTO_ETH,1636.78,1643.58,1636.14,1641.07,2052.9365
1781077500000,2026-06-10 15:45:00,CRYPTO_ETH,1641.08,1642.63,1637.94,1640.09,1913.8803
1781078400000,2026-06-10 16:00:00,CRYPTO_ETH,1640.1,1640.89,1635.32,1636.55,2430.7399
1781079300000,2026-06-10 16:15:00,CRYPTO_ETH,1636.56,1639.76,1632.42,1633.86,1955.3753
1781080200000,2026-06-10 16:30:00,CRYPTO_ETH,1633.86,1635.69,1621.92,1622.2,3438.5824
1781081100000,2026-06-10 16:45:00,CRYPTO_ETH,1622.19,1623.39,1618.18,1621.34,6925.8491
1781082000000,2026-06-10 17:00:00,CRYPTO_ETH,1621.35,1623.54,1613.35,1613.75,3246.8816
1781082900000,2026-06-10 17:15:00,CRYPTO_ETH,1613.75,1620.09,1606.01,1618.95,4988.9131
1781083800000,2026-06-10 17:30:00,CRYPTO_ETH,1618.94,1623.74,1618.03,1621.04,1815.7298
1781084700000,2026-06-10 17:45:00,CRYPTO_ETH,1621.05,1626.44,1616.48,1623.67,2555.4671
1781085600000,2026-06-10 18:00:00,CRYPTO_ETH,1623.67,1624.0,1619.17,1620.72,1784.2245
1781086500000,2026-06-10 18:15:00,CRYPTO_ETH,1620.73,1625.8,1618.1,1624.71,1129.5115
1781087400000,2026-06-10 18:30:00,CRYPTO_ETH,1624.71,1629.09,1624.34,1626.14,1206.0209
1781088300000,2026-06-10 18:45:00,CRYPTO_ETH,1626.14,1629.99,1625.0,1628.23,1381.0692
1781089200000,2026-06-10 19:00:00,CRYPTO_ETH,1628.23,1630.22,1612.0,1621.57,8941.9574
1781090100000,2026-06-10 19:15:00,CRYPTO_ETH,1621.58,1624.91,1612.6,1616.88,3790.4553
1781091000000,2026-06-10 19:30:00,CRYPTO_ETH,1616.88,1621.89,1615.31,1620.21,3098.4119
1781091900000,2026-06-10 19:45:00,CRYPTO_ETH,1620.2,1623.81,1619.0,1620.05,1988.3352
1781092800000,2026-06-10 20:00:00,CRYPTO_ETH,1620.06,1625.03,1615.91,1623.76,3265.4291
1781093700000,2026-06-10 20:15:00,CRYPTO_ETH,1623.75,1625.79,1620.04,1625.44,3026.3671
1781094600000,2026-06-10 20:30:00,CRYPTO_ETH,1625.43,1645.46,1624.5,1639.42,10941.5496
1781095500000,2026-06-10 20:45:00,CRYPTO_ETH,1639.41,1641.81,1635.4,1635.4,3499.5477
1781096400000,2026-06-10 21:00:00,CRYPTO_ETH,1635.4,1636.87,1632.58,1634.16,2211.2239
1781097300000,2026-06-10 21:15:00,CRYPTO_ETH,1634.16,1638.66,1632.0,1637.14,2029.5974
1781098200000,2026-06-10 21:30:00,CRYPTO_ETH,1637.13,1667.5,1635.2,1666.61,11894.8434
1781099100000,2026-06-10 21:45:00,CRYPTO_ETH,1666.61,1667.96,1650.32,1651.81,5673.8002
1781100000000,2026-06-10 22:00:00,CRYPTO_ETH,1651.82,1655.64,1646.61,1647.04,5198.5907
1781100900000,2026-06-10 22:15:00,CRYPTO_ETH,1647.05,1651.46,1642.22,1646.59,3544.5004
1781101800000,2026-06-10 22:30:00,CRYPTO_ETH,1646.58,1648.92,1638.16,1643.07,3410.4928
1781102700000,2026-06-10 22:45:00,CRYPTO_ETH,1643.05,1646.96,1637.27,1646.72,3483.9412
1781103600000,2026-06-10 23:00:00,CRYPTO_ETH,1646.72,1653.33,1635.85,1639.46,4506.6148
1781104500000,2026-06-10 23:15:00,CRYPTO_ETH,1639.45,1651.34,1636.31,1648.92,4035.7337
1781105400000,2026-06-10 23:30:00,CRYPTO_ETH,1648.92,1654.98,1647.18,1654.51,3700.0703
1781106300000,2026-06-10 23:45:00,CRYPTO_ETH,1654.52,1665.05,1642.23,1657.97,8570.8342
1781107200000,2026-06-11 00:00:00,CRYPTO_ETH,1657.98,1658.73,1651.2,1651.51,4529.2363
1781108100000,2026-06-11 00:15:00,CRYPTO_ETH,1651.52,1654.38,1643.15,1648.9,3624.1271
1781109000000,2026-06-11 00:30:00,CRYPTO_ETH,1648.9,1652.0,1643.96,1645.0,3310.9003
1781109900000,2026-06-11 00:45:00,CRYPTO_ETH,1645.0,1645.0,1632.5,1641.99,5741.9478
1781110800000,2026-06-11 01:00:00,CRYPTO_ETH,1641.99,1647.59,1637.78,1639.57,3126.5622
1781111700000,2026-06-11 01:15:00,CRYPTO_ETH,1639.56,1643.04,1627.66,1628.07,5167.3708
1781112600000,2026-06-11 01:30:00,CRYPTO_ETH,1628.08,1631.75,1622.51,1624.27,6824.6188
1781113500000,2026-06-11 01:45:00,CRYPTO_ETH,1624.28,1636.21,1623.48,1632.32,4775.5194
1781114400000,2026-06-11 02:00:00,CRYPTO_ETH,1632.32,1635.8,1628.59,1631.02,1973.6505
1781115300000,2026-06-11 02:15:00,CRYPTO_ETH,1631.02,1636.88,1626.91,1636.31,3163.2437
1781116200000,2026-06-11 02:30:00,CRYPTO_ETH,1636.31,1636.32,1625.46,1626.63,3258.7598
1781117100000,2026-06-11 02:45:00,CRYPTO_ETH,1626.64,1631.54,1622.52,1631.13,2188.5488
1781118000000,2026-06-11 03:00:00,CRYPTO_ETH,1631.13,1633.16,1626.47,1626.98,1393.6368
1781118900000,2026-06-11 03:15:00,CRYPTO_ETH,1626.99,1629.0,1623.13,1627.41,1400.7718
1781119800000,2026-06-11 03:30:00,CRYPTO_ETH,1627.42,1633.69,1626.79,1632.22,1690.663
1781120700000,2026-06-11 03:45:00,CRYPTO_ETH,1632.21,1633.09,1625.66,1630.15,3083.4479
1781121600000,2026-06-11 04:00:00,CRYPTO_ETH,1630.15,1630.32,1623.15,1626.87,2200.2185
1781122500000,2026-06-11 04:15:00,CRYPTO_ETH,1626.87,1636.21,1623.75,1632.91,3256.38
1781123400000,2026-06-11 04:30:00,CRYPTO_ETH,1632.91,1632.99,1629.66,1629.66,1662.2385
1781124300000,2026-06-11 04:45:00,CRYPTO_ETH,1629.66,1631.27,1625.74,1630.65,1629.687
1781125200000,2026-06-11 05:00:00,CRYPTO_ETH,1630.64,1630.64,1615.5,1618.58,5942.6125
1781126100000,2026-06-11 05:15:00,CRYPTO_ETH,1618.59,1624.11,1616.31,1618.96,1672.815
1781127000000,2026-06-11 05:30:00,CRYPTO_ETH,1618.95,1625.0,1618.51,1624.0,1219.2804
1781127900000,2026-06-11 05:45:00,CRYPTO_ETH,1624.0,1624.27,1603.44,1611.44,6464.3106
1781128800000,2026-06-11 06:00:00,CRYPTO_ETH,1611.45,1613.01,1604.68,1610.96,3138.4943
1781129700000,2026-06-11 06:15:00,CRYPTO_ETH,1610.97,1614.3,1604.62,1610.67,3496.157
1781130600000,2026-06-11 06:30:00,CRYPTO_ETH,1610.66,1622.38,1610.36,1620.54,4815.5656
1781131500000,2026-06-11 06:45:00,CRYPTO_ETH,1620.54,1620.54,1616.51,1616.52,2145.1406
1781132400000,2026-06-11 07:00:00,CRYPTO_ETH,1616.52,1617.22,1611.77,1612.55,2400.4037
1781133300000,2026-06-11 07:15:00,CRYPTO_ETH,1612.56,1622.53,1609.39,1622.03,5968.9182
1781134200000,2026-06-11 07:30:00,CRYPTO_ETH,1622.02,1625.09,1619.04,1623.06,1917.243
1781135100000,2026-06-11 07:45:00,CRYPTO_ETH,1623.06,1624.0,1620.26,1621.59,1239.8325
1781136000000,2026-06-11 08:00:00,CRYPTO_ETH,1621.6,1627.48,1621.6,1626.09,1677.1605
1781136900000,2026-06-11 08:15:00,CRYPTO_ETH,1626.1,1634.72,1626.09,1630.84,3725.4835
1781137800000,2026-06-11 08:30:00,CRYPTO_ETH,1630.84,1631.5,1626.62,1627.63,1725.16
1781138700000,2026-06-11 08:45:00,CRYPTO_ETH,1627.63,1631.82,1627.39,1628.64,596.6255
1781139600000,2026-06-11 09:00:00,CRYPTO_ETH,1628.63,1639.95,1628.57,1638.27,1836.553
1781140500000,2026-06-11 09:15:00,CRYPTO_ETH,1638.27,1641.94,1636.99,1640.55,1578.3879
1781141400000,2026-06-11 09:30:00,CRYPTO_ETH,1640.54,1647.88,1638.79,1644.48,2633.579
1781142300000,2026-06-11 09:45:00,CRYPTO_ETH,1644.48,1646.4,1642.17,1642.83,1026.1439
1781143200000,2026-06-11 10:00:00,CRYPTO_ETH,1642.83,1644.57,1639.89,1640.62,800.3195
1781144100000,2026-06-11 10:15:00,CRYPTO_ETH,1640.63,1642.56,1634.47,1634.77,1090.1094
1781145000000,2026-06-11 10:30:00,CRYPTO_ETH,1634.77,1636.05,1630.9,1635.18,1171.1478
1781145900000,2026-06-11 10:45:00,CRYPTO_ETH,1635.17,1645.5,1633.23,1641.07,2849.0566
1781146800000,2026-06-11 11:00:00,CRYPTO_ETH,1641.06,1643.41,1636.09,1637.44,1365.1552
1781147700000,2026-06-11 11:15:00,CRYPTO_ETH,1637.43,1640.6,1636.28,1639.72,1437.0155
1781148600000,2026-06-11 11:30:00,CRYPTO_ETH,1639.73,1651.19,1639.73,1645.61,4119.9663
1781149500000,2026-06-11 11:45:00,CRYPTO_ETH,1645.61,1661.3,1645.49,1653.95,8656.17
1781150400000,2026-06-11 12:00:00,CRYPTO_ETH,1653.94,1654.8,1650.93,1652.57,1208.2578
